season,round,date,raceName,circuitId,circuitName,country,locality,lat,long,winnerDriverId,winnerDriver,winnerNationality,winnerConstructorId,winnerConstructor,winnerGrid,poleDriverId,poleDriver,poleConstructor,poleSource,poleWon
1950,1,1950-05-13,British Grand Prix,silverstone,Silverstone Circuit,UK,Silverstone,52.0786,-1.01694,farina,Nino Farina,Italian,alfa,Alfa Romeo,1,farina,Nino Farina,Alfa Romeo,grid,True
1950,2,1950-05-21,Monaco Grand Prix,monaco,Circuit de Monaco,Monaco,Monte Carlo,43.7347,7.42056,fangio,Juan Fangio,Argentine,alfa,Alfa Romeo,1,fangio,Juan Fangio,Alfa Romeo,grid,True
1950,3,1950-05-30,Indianapolis 500,indianapolis,Indianapolis Motor Speedway,USA,Indianapolis,39.795,-86.2347,parsons,Johnnie Parsons,American,kurtis_kraft,Kurtis Kraft,5,faulkner,Walt Faulkner,Kurtis Kraft,grid,False
1950,4,1950-06-04,Swiss Grand Prix,bremgarten,Circuit Bremgarten,Switzerland,Bern,46.9589,7.40194,farina,Nino Farina,Italian,alfa,Alfa Romeo,2,fangio,Juan Fangio,Alfa Romeo,grid,False
1950,5,1950-06-18,Belgian Grand Prix,spa,Circuit de Spa-Francorchamps,Belgium,Spa,50.4372,5.97139,fangio,Juan Fangio,Argentine,alfa,Alfa Romeo,2,farina,Nino Farina,Alfa Romeo,grid,False
1950,6,1950-07-02,French Grand Prix,reims,Reims-Gueux,France,Reims,49.2542,3.93083,fangio,Juan Fangio,Argentine,alfa,Alfa Romeo,1,fangio,Juan Fangio,Alfa Romeo,grid,True
1950,7,1950-09-03,Italian Grand Prix,monza,Autodromo Nazionale di Monza,Italy,Monza,45.6156,9.28111,farina,Nino Farina,Italian,alfa,Alfa Romeo,3,fangio,Juan Fangio,Alfa Romeo,grid,False
1951,1,1951-05-27,Swiss Grand Prix,bremgarten,Circuit Bremgarten,Switzerland,Bern,46.9589,7.40194,fangio,Juan Fangio,Argentine,alfa,Alfa Romeo,1,fangio,Juan Fangio,Alfa Romeo,grid,True
1951,2,1951-05-30,Indianapolis 500,indianapolis,Indianapolis Motor Speedway,USA,Indianapolis,39.795,-86.2347,wallard,Lee Wallard,American,kurtis_kraft,Kurtis Kraft,2,nalon,Duke Nalon,Kurtis Kraft,grid,False
1951,3,1951-06-17,Belgian Grand Prix,spa,Circuit de Spa-Francorchamps,Belgium,Spa,50.4372,5.97139,farina,Nino Farina,Italian,alfa,Alfa Romeo,2,fangio,Juan Fangio,Alfa Romeo,grid,False
1951,4,1951-07-01,French Grand Prix,reims,Reims-Gueux,France,Reims,49.2542,3.93083,fangio,Juan Fangio,Argentine,alfa,Alfa Romeo,7,fagioli,Luigi Fagioli,Alfa Romeo,grid,False
1951,5,1951-07-14,British Grand Prix,silverstone,Silverstone Circuit,UK,Silverstone,52.0786,-1.01694,gonzalez,José Froilán González,Argentine,ferrari,Ferrari,1,gonzalez,José Froilán González,Ferrari,grid,True
1951,6,1951-07-29,German Grand Prix,nurburgring,Nürburgring,Germany,Nürburg,50.3356,6.9475,ascari,Alberto Ascari,Italian,ferrari,Ferrari,1,ascari,Alberto Ascari,Ferrari,grid,True
1951,7,1951-09-16,Italian Grand Prix,monza,Autodromo Nazionale di Monza,Italy,Monza,45.6156,9.28111,ascari,Alberto Ascari,Italian,ferrari,Ferrari,3,fangio,Juan Fangio,Alfa Romeo,grid,False
1951,8,1951-10-28,Spanish Grand Prix,pedralbes,Circuit de Pedralbes,Spain,Barcelona,41.3903,2.11667,fangio,Juan Fangio,Argentine,alfa,Alfa Romeo,2,ascari,Alberto Ascari,Ferrari,grid,False
1952,1,1952-05-18,Swiss Grand Prix,bremgarten,Circuit Bremgarten,Switzerland,Bern,46.9589,7.40194,taruffi,Piero Taruffi,Italian,ferrari,Ferrari,2,farina,Nino Farina,Ferrari,grid,False
1952,2,1952-05-30,Indianapolis 500,indianapolis,Indianapolis Motor Speedway,USA,Indianapolis,39.795,-86.2347,ruttman,Troy Ruttman,American,kuzma,Kuzma,7,agabashian,Fred Agabashian,Kurtis Kraft,grid,False
1952,3,1952-06-22,Belgian Grand Prix,spa,Circuit de Spa-Francorchamps,Belgium,Spa,50.4372,5.97139,ascari,Alberto Ascari,Italian,ferrari,Ferrari,1,ascari,Alberto Ascari,Ferrari,grid,True
1952,4,1952-07-06,French Grand Prix,essarts,Rouen-Les-Essarts,France,Rouen,49.3306,1.00458,ascari,Alberto Ascari,Italian,ferrari,Ferrari,1,ascari,Alberto Ascari,Ferrari,grid,True
1952,5,1952-07-19,British Grand Prix,silverstone,Silverstone Circuit,UK,Silverstone,52.0786,-1.01694,ascari,Alberto Ascari,Italian,ferrari,Ferrari,2,farina,Nino Farina,Ferrari,grid,False
1952,6,1952-08-03,German Grand Prix,nurburgring,Nürburgring,Germany,Nürburg,50.3356,6.9475,ascari,Alberto Ascari,Italian,ferrari,Ferrari,1,ascari,Alberto Ascari,Ferrari,grid,True
1952,7,1952-08-17,Dutch Grand Prix,zandvoort,Circuit Park Zandvoort,Netherlands,Zandvoort,52.3888,4.54092,ascari,Alberto Ascari,Italian,ferrari,Ferrari,1,ascari,Alberto Ascari,Ferrari,grid,True
1952,8,1952-09-07,Italian Grand Prix,monza,Autodromo Nazionale di Monza,Italy,Monza,45.6156,9.28111,ascari,Alberto Ascari,Italian,ferrari,Ferrari,1,ascari,Alberto Ascari,Ferrari,grid,True
1953,1,1953-01-18,Argentine Grand Prix,galvez,Autódromo Juan y Oscar Gálvez,Argentina,Buenos Aires,-34.6943,-58.4593,ascari,Alberto Ascari,Italian,ferrari,Ferrari,1,ascari,Alberto Ascari,Ferrari,grid,True
1953,2,1953-05-30,Indianapolis 500,indianapolis,Indianapolis Motor Speedway,USA,Indianapolis,39.795,-86.2347,vukovich,Bill Vukovich,American,kurtis_kraft,Kurtis Kraft,1,vukovich,Bill Vukovich,Kurtis Kraft,grid,True
1953,3,1953-06-07,Dutch Grand Prix,zandvoort,Circuit Park Zandvoort,Netherlands,Zandvoort,52.3888,4.54092,ascari,Alberto Ascari,Italian,ferrari,Ferrari,1,ascari,Alberto Ascari,Ferrari,grid,True
1953,4,1953-06-21,Belgian Grand Prix,spa,Circuit de Spa-Francorchamps,Belgium,Spa,50.4372,5.97139,ascari,Alberto Ascari,Italian,ferrari,Ferrari,2,fangio,Juan Fangio,Maserati,grid,False
1953,5,1953-07-05,French Grand Prix,reims,Reims-Gueux,France,Reims,49.2542,3.93083,hawthorn,Mike Hawthorn,British,ferrari,Ferrari,7,ascari,Alberto Ascari,Ferrari,grid,False
1953,6,1953-07-18,British Grand Prix,silverstone,Silverstone Circuit,UK,Silverstone,52.0786,-1.01694,ascari,Alberto Ascari,Italian,ferrari,Ferrari,1,ascari,Alberto Ascari,Ferrari,grid,True
1953,7,1953-08-02,German Grand Prix,nurburgring,Nürburgring,Germany,Nürburg,50.3356,6.9475,farina,Nino Farina,Italian,ferrari,Ferrari,3,ascari,Alberto Ascari,Ferrari,grid,False
1953,8,1953-08-23,Swiss Grand Prix,bremgarten,Circuit Bremgarten,Switzerland,Bern,46.9589,7.40194,ascari,Alberto Ascari,Italian,ferrari,Ferrari,2,bonetto,Felice Bonetto,Maserati,grid,False
1953,9,1953-09-13,Italian Grand Prix,monza,Autodromo Nazionale di Monza,Italy,Monza,45.6156,9.28111,fangio,Juan Fangio,Argentine,maserati,Maserati,2,ascari,Alberto Ascari,Ferrari,grid,False
1954,1,1954-01-17,Argentine Grand Prix,galvez,Autódromo Juan y Oscar Gálvez,Argentina,Buenos Aires,-34.6943,-58.4593,fangio,Juan Fangio,Argentine,maserati,Maserati,3,farina,Nino Farina,Ferrari,grid,False
1954,2,1954-05-31,Indianapolis 500,indianapolis,Indianapolis Motor Speedway,USA,Indianapolis,39.795,-86.2347,vukovich,Bill Vukovich,American,kurtis_kraft,Kurtis Kraft,19,mcgrath,Jack McGrath,Kurtis Kraft,grid,False
1954,3,1954-06-20,Belgian Grand Prix,spa,Circuit de Spa-Francorchamps,Belgium,Spa,50.4372,5.97139,fangio,Juan Fangio,Argentine,maserati,Maserati,1,fangio,Juan Fangio,Maserati,grid,True
1954,4,1954-07-04,French Grand Prix,reims,Reims-Gueux,France,Reims,49.2542,3.93083,fangio,Juan Fangio,Argentine,mercedes,Mercedes,1,fangio,Juan Fangio,Mercedes,grid,True
1954,5,1954-07-17,British Grand Prix,silverstone,Silverstone Circuit,UK,Silverstone,52.0786,-1.01694,gonzalez,José Froilán González,Argentine,ferrari,Ferrari,2,fangio,Juan Fangio,Mercedes,grid,False
1954,6,1954-08-01,German Grand Prix,nurburgring,Nürburgring,Germany,Nürburg,50.3356,6.9475,fangio,Juan Fangio,Argentine,mercedes,Mercedes,1,fangio,Juan Fangio,Mercedes,grid,True
1954,7,1954-08-22,Swiss Grand Prix,bremgarten,Circuit Bremgarten,Switzerland,Bern,46.9589,7.40194,fangio,Juan Fangio,Argentine,mercedes,Mercedes,2,gonzalez,José Froilán González,Ferrari,grid,False
1954,8,1954-09-05,Italian Grand Prix,monza,Autodromo Nazionale di Monza,Italy,Monza,45.6156,9.28111,fangio,Juan Fangio,Argentine,mercedes,Mercedes,1,fangio,Juan Fangio,Mercedes,grid,True
1954,9,1954-10-24,Spanish Grand Prix,pedralbes,Circuit de Pedralbes,Spain,Barcelona,41.3903,2.11667,hawthorn,Mike Hawthorn,British,ferrari,Ferrari,3,ascari,Alberto Ascari,Lancia,grid,False
1955,1,1955-01-16,Argentine Grand Prix,galvez,Autódromo Juan y Oscar Gálvez,Argentina,Buenos Aires,-34.6943,-58.4593,fangio,Juan Fangio,Argentine,mercedes,Mercedes,3,farina,Nino Farina,Ferrari,grid,False
1955,2,1955-05-22,Monaco Grand Prix,monaco,Circuit de Monaco,Monaco,Monte Carlo,43.7347,7.42056,trintignant,Maurice Trintignant,French,ferrari,Ferrari,9,fangio,Juan Fangio,Mercedes,grid,False
1955,3,1955-05-30,Indianapolis 500,indianapolis,Indianapolis Motor Speedway,USA,Indianapolis,39.795,-86.2347,sweikert,Bob Sweikert,American,kurtis_kraft,Kurtis Kraft,14,hoyt,Jerry Hoyt,Stevens,grid,False
1955,4,1955-06-05,Belgian Grand Prix,spa,Circuit de Spa-Francorchamps,Belgium,Spa,50.4372,5.97139,fangio,Juan Fangio,Argentine,mercedes,Mercedes,2,castellotti,Eugenio Castellotti,Lancia,grid,False
1955,5,1955-06-19,Dutch Grand Prix,zandvoort,Circuit Park Zandvoort,Netherlands,Zandvoort,52.3888,4.54092,fangio,Juan Fangio,Argentine,mercedes,Mercedes,1,fangio,Juan Fangio,Mercedes,grid,True
1955,6,1955-07-16,British Grand Prix,aintree,Aintree,UK,Liverpool,53.4769,-2.94056,moss,Stirling Moss,British,mercedes,Mercedes,1,moss,Stirling Moss,Mercedes,grid,True
1955,7,1955-09-11,Italian Grand Prix,monza,Autodromo Nazionale di Monza,Italy,Monza,45.6156,9.28111,fangio,Juan Fangio,Argentine,mercedes,Mercedes,1,fangio,Juan Fangio,Mercedes,grid,True
1956,1,1956-01-22,Argentine Grand Prix,galvez,Autódromo Juan y Oscar Gálvez,Argentina,Buenos Aires,-34.6943,-58.4593,fangio,Juan Fangio,Argentine,ferrari,Ferrari,3,fangio,Juan Fangio,Ferrari,grid,True
1956,2,1956-05-13,Monaco Grand Prix,monaco,Circuit de Monaco,Monaco,Monte Carlo,43.7347,7.42056,moss,Stirling Moss,British,maserati,Maserati,2,castellotti,Eugenio Castellotti,Ferrari,grid,False
1956,3,1956-05-30,Indianapolis 500,indianapolis,Indianapolis Motor Speedway,USA,Indianapolis,39.795,-86.2347,flaherty,Pat Flaherty,American,watson,Watson,1,flaherty,Pat Flaherty,Watson,grid,True
1956,4,1956-06-03,Belgian Grand Prix,spa,Circuit de Spa-Francorchamps,Belgium,Spa,50.4372,5.97139,collins,Peter Collins,British,ferrari,Ferrari,3,fangio,Juan Fangio,Ferrari,grid,False
1956,5,1956-07-01,French Grand Prix,reims,Reims-Gueux,France,Reims,49.2542,3.93083,collins,Peter Collins,British,ferrari,Ferrari,3,fangio,Juan Fangio,Ferrari,grid,False
1956,6,1956-07-14,British Grand Prix,silverstone,Silverstone Circuit,UK,Silverstone,52.0786,-1.01694,fangio,Juan Fangio,Argentine,ferrari,Ferrari,2,moss,Stirling Moss,Maserati,grid,False
1956,7,1956-08-05,German Grand Prix,nurburgring,Nürburgring,Germany,Nürburg,50.3356,6.9475,fangio,Juan Fangio,Argentine,ferrari,Ferrari,1,fangio,Juan Fangio,Ferrari,grid,True
1956,8,1956-09-02,Italian Grand Prix,monza,Autodromo Nazionale di Monza,Italy,Monza,45.6156,9.28111,moss,Stirling Moss,British,maserati,Maserati,6,fangio,Juan Fangio,Ferrari,grid,False
1957,1,1957-01-13,Argentine Grand Prix,galvez,Autódromo Juan y Oscar Gálvez,Argentina,Buenos Aires,-34.6943,-58.4593,fangio,Juan Fangio,Argentine,maserati,Maserati,2,moss,Stirling Moss,Maserati,grid,False
1957,2,1957-05-19,Monaco Grand Prix,monaco,Circuit de Monaco,Monaco,Monte Carlo,43.7347,7.42056,fangio,Juan Fangio,Argentine,maserati,Maserati,1,fangio,Juan Fangio,Maserati,grid,True
1957,3,1957-05-30,Indianapolis 500,indianapolis,Indianapolis Motor Speedway,USA,Indianapolis,39.795,-86.2347,hanks,Sam Hanks,American,epperly,Epperly,13,connor,Pat O'Connor,Kurtis Kraft,grid,False
1957,4,1957-07-07,French Grand Prix,essarts,Rouen-Les-Essarts,France,Rouen,49.3306,1.00458,fangio,Juan Fangio,Argentine,maserati,Maserati,1,fangio,Juan Fangio,Maserati,grid,True
1957,5,1957-07-20,British Grand Prix,aintree,Aintree,UK,Liverpool,53.4769,-2.94056,brooks,Tony Brooks,British,vanwall,Vanwall,3,brooks,Tony Brooks,Vanwall,grid,True
1957,6,1957-08-04,German Grand Prix,nurburgring,Nürburgring,Germany,Nürburg,50.3356,6.9475,fangio,Juan Fangio,Argentine,maserati,Maserati,1,fangio,Juan Fangio,Maserati,grid,True
1957,7,1957-08-18,Pescara Grand Prix,pescara,Pescara Circuit,Italy,Pescara,42.475,14.1508,moss,Stirling Moss,British,vanwall,Vanwall,2,fangio,Juan Fangio,Maserati,grid,False
1957,8,1957-09-08,Italian Grand Prix,monza,Autodromo Nazionale di Monza,Italy,Monza,45.6156,9.28111,moss,Stirling Moss,British,vanwall,Vanwall,2,lewis-evans,Stuart Lewis-Evans,Vanwall,grid,False
1958,1,1958-01-19,Argentine Grand Prix,galvez,Autódromo Juan y Oscar Gálvez,Argentina,Buenos Aires,-34.6943,-58.4593,moss,Stirling Moss,British,cooper,Cooper,7,fangio,Juan Fangio,Maserati,grid,False
1958,2,1958-05-18,Monaco Grand Prix,monaco,Circuit de Monaco,Monaco,Monte Carlo,43.7347,7.42056,trintignant,Maurice Trintignant,French,cooper,Cooper,5,brooks,Tony Brooks,Vanwall,grid,False
1958,3,1958-05-26,Dutch Grand Prix,zandvoort,Circuit Park Zandvoort,Netherlands,Zandvoort,52.3888,4.54092,moss,Stirling Moss,British,vanwall,Vanwall,2,lewis-evans,Stuart Lewis-Evans,Vanwall,grid,False
1958,4,1958-05-30,Indianapolis 500,indianapolis,Indianapolis Motor Speedway,USA,Indianapolis,39.795,-86.2347,bryan,Jimmy Bryan,American,epperly,Epperly,7,dick_rathmann,Dick Rathmann,Watson,grid,False
1958,5,1958-06-15,Belgian Grand Prix,spa,Circuit de Spa-Francorchamps,Belgium,Spa,50.4372,5.97139,brooks,Tony Brooks,British,vanwall,Vanwall,5,hawthorn,Mike Hawthorn,Ferrari,grid,False
1958,6,1958-07-06,French Grand Prix,reims,Reims-Gueux,France,Reims,49.2542,3.93083,hawthorn,Mike Hawthorn,British,ferrari,Ferrari,1,hawthorn,Mike Hawthorn,Ferrari,grid,True
1958,7,1958-07-19,British Grand Prix,silverstone,Silverstone Circuit,UK,Silverstone,52.0786,-1.01694,collins,Peter Collins,British,ferrari,Ferrari,6,moss,Stirling Moss,Vanwall,grid,False
1958,8,1958-08-03,German Grand Prix,nurburgring,Nürburgring,Germany,Nürburg,50.3356,6.9475,brooks,Tony Brooks,British,vanwall,Vanwall,2,hawthorn,Mike Hawthorn,Ferrari,grid,False
1958,9,1958-08-24,Portuguese Grand Prix,boavista,Circuito da Boavista,Portugal,Oporto,41.1705,-8.67325,moss,Stirling Moss,British,vanwall,Vanwall,1,moss,Stirling Moss,Vanwall,grid,True
1958,10,1958-09-07,Italian Grand Prix,monza,Autodromo Nazionale di Monza,Italy,Monza,45.6156,9.28111,brooks,Tony Brooks,British,vanwall,Vanwall,2,moss,Stirling Moss,Vanwall,grid,False
1958,11,1958-10-19,Moroccan Grand Prix,ain-diab,Ain Diab,Morocco,Casablanca,33.5786,-7.6875,moss,Stirling Moss,British,vanwall,Vanwall,2,hawthorn,Mike Hawthorn,Ferrari,grid,False
1959,1,1959-05-10,Monaco Grand Prix,monaco,Circuit de Monaco,Monaco,Monte Carlo,43.7347,7.42056,jack_brabham,Jack Brabham,Australian,cooper-climax,Cooper-Climax,3,moss,Stirling Moss,Cooper-Climax,grid,False
1959,2,1959-05-30,Indianapolis 500,indianapolis,Indianapolis Motor Speedway,USA,Indianapolis,39.795,-86.2347,ward,Rodger Ward,American,watson,Watson,6,thomson,Johnny Thomson,Lesovsky,grid,False
1959,3,1959-05-31,Dutch Grand Prix,zandvoort,Circuit Park Zandvoort,Netherlands,Zandvoort,52.3888,4.54092,bonnier,Jo Bonnier,Swedish,brm,BRM,1,bonnier,Jo Bonnier,BRM,grid,True
1959,4,1959-07-05,French Grand Prix,reims,Reims-Gueux,France,Reims,49.2542,3.93083,brooks,Tony Brooks,British,ferrari,Ferrari,1,brooks,Tony Brooks,Ferrari,grid,True
1959,5,1959-07-18,British Grand Prix,aintree,Aintree,UK,Liverpool,53.4769,-2.94056,jack_brabham,Jack Brabham,Australian,cooper-climax,Cooper-Climax,1,jack_brabham,Jack Brabham,Cooper-Climax,grid,True
1959,6,1959-08-02,German Grand Prix,avus,AVUS,Germany,Berlin,52.4806,13.2514,brooks,Tony Brooks,British,ferrari,Ferrari,1,brooks,Tony Brooks,Ferrari,grid,True
1959,7,1959-08-23,Portuguese Grand Prix,monsanto,Monsanto Park Circuit,Portugal,Lisbon,38.7197,-9.20306,moss,Stirling Moss,British,cooper-climax,Cooper-Climax,1,moss,Stirling Moss,Cooper-Climax,grid,True
1959,8,1959-09-13,Italian Grand Prix,monza,Autodromo Nazionale di Monza,Italy,Monza,45.6156,9.28111,moss,Stirling Moss,British,cooper-climax,Cooper-Climax,1,moss,Stirling Moss,Cooper-Climax,grid,True
1959,9,1959-12-12,United States Grand Prix,sebring,Sebring International Raceway,USA,Florida,27.4547,-81.3483,mclaren,Bruce McLaren,New Zealander,cooper-climax,Cooper-Climax,10,moss,Stirling Moss,Cooper-Climax,grid,False
1960,1,1960-02-07,Argentine Grand Prix,galvez,Autódromo Juan y Oscar Gálvez,Argentina,Buenos Aires,-34.6943,-58.4593,mclaren,Bruce McLaren,New Zealander,cooper-climax,Cooper-Climax,13,moss,Stirling Moss,Cooper-Climax,grid,False
1960,2,1960-05-29,Monaco Grand Prix,monaco,Circuit de Monaco,Monaco,Monte Carlo,43.7347,7.42056,moss,Stirling Moss,British,team_lotus,Team Lotus,1,moss,Stirling Moss,Team Lotus,grid,True
1960,3,1960-05-30,Indianapolis 500,indianapolis,Indianapolis Motor Speedway,USA,Indianapolis,39.795,-86.2347,rathmann,Jim Rathmann,American,watson,Watson,2,sachs,Eddie Sachs,Ewing,grid,False
1960,4,1960-06-06,Dutch Grand Prix,zandvoort,Circuit Park Zandvoort,Netherlands,Zandvoort,52.3888,4.54092,jack_brabham,Jack Brabham,Australian,cooper-climax,Cooper-Climax,2,moss,Stirling Moss,Team Lotus,grid,False
1960,5,1960-06-19,Belgian Grand Prix,spa,Circuit de Spa-Francorchamps,Belgium,Spa,50.4372,5.97139,jack_brabham,Jack Brabham,Australian,cooper-climax,Cooper-Climax,1,jack_brabham,Jack Brabham,Cooper-Climax,grid,True
1960,6,1960-07-03,French Grand Prix,reims,Reims-Gueux,France,Reims,49.2542,3.93083,jack_brabham,Jack Brabham,Australian,cooper-climax,Cooper-Climax,1,jack_brabham,Jack Brabham,Cooper-Climax,grid,True
1960,7,1960-07-16,British Grand Prix,silverstone,Silverstone Circuit,UK,Silverstone,52.0786,-1.01694,jack_brabham,Jack Brabham,Australian,cooper-climax,Cooper-Climax,1,jack_brabham,Jack Brabham,Cooper-Climax,grid,True
1960,8,1960-08-14,Portuguese Grand Prix,boavista,Circuito da Boavista,Portugal,Oporto,41.1705,-8.67325,jack_brabham,Jack Brabham,Australian,cooper-climax,Cooper-Climax,3,surtees,John Surtees,Team Lotus,grid,False
1960,9,1960-09-04,Italian Grand Prix,monza,Autodromo Nazionale di Monza,Italy,Monza,45.6156,9.28111,phil_hill,Phil Hill,American,ferrari,Ferrari,1,phil_hill,Phil Hill,Ferrari,grid,True
1960,10,1960-11-20,United States Grand Prix,riverside,Riverside International Raceway,USA,California,33.937,-117.273,moss,Stirling Moss,British,team_lotus,Team Lotus,1,moss,Stirling Moss,Team Lotus,grid,True
1961,1,1961-05-14,Monaco Grand Prix,monaco,Circuit de Monaco,Monaco,Monte Carlo,43.7347,7.42056,moss,Stirling Moss,British,lotus-climax,Lotus-Climax,1,moss,Stirling Moss,Lotus-Climax,grid,True
1961,2,1961-05-22,Dutch Grand Prix,zandvoort,Circuit Park Zandvoort,Netherlands,Zandvoort,52.3888,4.54092,trips,Wolfgang von Trips,German,ferrari,Ferrari,2,phil_hill,Phil Hill,Ferrari,grid,False
1961,3,1961-06-18,Belgian Grand Prix,spa,Circuit de Spa-Francorchamps,Belgium,Spa,50.4372,5.97139,phil_hill,Phil Hill,American,ferrari,Ferrari,1,phil_hill,Phil Hill,Ferrari,grid,True
1961,4,1961-07-02,French Grand Prix,reims,Reims-Gueux,France,Reims,49.2542,3.93083,baghetti,Giancarlo Baghetti,Italian,ferrari,Ferrari,12,phil_hill,Phil Hill,Ferrari,grid,False
1961,5,1961-07-15,British Grand Prix,aintree,Aintree,UK,Liverpool,53.4769,-2.94056,trips,Wolfgang von Trips,German,ferrari,Ferrari,4,phil_hill,Phil Hill,Ferrari,grid,False
1961,6,1961-08-06,German Grand Prix,nurburgring,Nürburgring,Germany,Nürburg,50.3356,6.9475,moss,Stirling Moss,British,lotus-climax,Lotus-Climax,3,phil_hill,Phil Hill,Ferrari,grid,False
1961,7,1961-09-10,Italian Grand Prix,monza,Autodromo Nazionale di Monza,Italy,Monza,45.6156,9.28111,phil_hill,Phil Hill,American,ferrari,Ferrari,4,trips,Wolfgang von Trips,Ferrari,grid,False
1961,8,1961-10-08,United States Grand Prix,watkins_glen,Watkins Glen,USA,New York State,42.3369,-76.9272,ireland,Innes Ireland,British,lotus-climax,Lotus-Climax,8,jack_brabham,Jack Brabham,Cooper-Climax,grid,False
1962,1,1962-05-20,Dutch Grand Prix,zandvoort,Circuit Park Zandvoort,Netherlands,Zandvoort,52.3888,4.54092,hill,Graham Hill,British,brm,BRM,2,surtees,John Surtees,Lola,grid,False
1962,2,1962-06-03,Monaco Grand Prix,monaco,Circuit de Monaco,Monaco,Monte Carlo,43.7347,7.42056,mclaren,Bruce McLaren,New Zealander,cooper-climax,Cooper-Climax,3,clark,Jim Clark,Lotus-Climax,grid,False
1962,3,1962-06-17,Belgian Grand Prix,spa,Circuit de Spa-Francorchamps,Belgium,Spa,50.4372,5.97139,clark,Jim Clark,British,lotus-climax,Lotus-Climax,13,hill,Graham Hill,BRM,grid,False
1962,4,1962-07-08,French Grand Prix,essarts,Rouen-Les-Essarts,France,Rouen,49.3306,1.00458,gurney,Dan Gurney,American,porsche,Porsche,6,clark,Jim Clark,Lotus-Climax,grid,False
1962,5,1962-07-21,British Grand Prix,aintree,Aintree,UK,Liverpool,53.4769,-2.94056,clark,Jim Clark,British,lotus-climax,Lotus-Climax,1,clark,Jim Clark,Lotus-Climax,grid,True
1962,6,1962-08-05,German Grand Prix,nurburgring,Nürburgring,Germany,Nürburg,50.3356,6.9475,hill,Graham Hill,British,brm,BRM,2,gurney,Dan Gurney,Porsche,grid,False
1962,7,1962-09-16,Italian Grand Prix,monza,Autodromo Nazionale di Monza,Italy,Monza,45.6156,9.28111,hill,Graham Hill,British,brm,BRM,2,clark,Jim Clark,Lotus-Climax,grid,False
1962,8,1962-10-07,United States Grand Prix,watkins_glen,Watkins Glen,USA,New York State,42.3369,-76.9272,clark,Jim Clark,British,lotus-climax,Lotus-Climax,1,clark,Jim Clark,Lotus-Climax,grid,True
1962,9,1962-12-29,South African Grand Prix,george,Prince George Circuit,South Africa,Eastern Cape Province,-33.0486,27.8736,hill,Graham Hill,British,brm,BRM,2,clark,Jim Clark,Lotus-Climax,grid,False
1963,1,1963-05-26,Monaco Grand Prix,monaco,Circuit de Monaco,Monaco,Monte Carlo,43.7347,7.42056,hill,Graham Hill,British,brm,BRM,2,clark,Jim Clark,Lotus-Climax,grid,False
1963,2,1963-06-09,Belgian Grand Prix,spa,Circuit de Spa-Francorchamps,Belgium,Spa,50.4372,5.97139,clark,Jim Clark,British,lotus-climax,Lotus-Climax,8,hill,Graham Hill,BRM,grid,False
1963,3,1963-06-23,Dutch Grand Prix,zandvoort,Circuit Park Zandvoort,Netherlands,Zandvoort,52.3888,4.54092,clark,Jim Clark,British,lotus-climax,Lotus-Climax,1,clark,Jim Clark,Lotus-Climax,grid,True
1963,4,1963-06-30,French Grand Prix,reims,Reims-Gueux,France,Reims,49.2542,3.93083,clark,Jim Clark,British,lotus-climax,Lotus-Climax,1,clark,Jim Clark,Lotus-Climax,grid,True
1963,5,1963-07-20,British Grand Prix,silverstone,Silverstone Circuit,UK,Silverstone,52.0786,-1.01694,clark,Jim Clark,British,lotus-climax,Lotus-Climax,1,clark,Jim Clark,Lotus-Climax,grid,True
1963,6,1963-08-04,German Grand Prix,nurburgring,Nürburgring,Germany,Nürburg,50.3356,6.9475,surtees,John Surtees,British,ferrari,Ferrari,2,clark,Jim Clark,Lotus-Climax,grid,False
1963,7,1963-09-08,Italian Grand Prix,monza,Autodromo Nazionale di Monza,Italy,Monza,45.6156,9.28111,clark,Jim Clark,British,lotus-climax,Lotus-Climax,3,surtees,John Surtees,Ferrari,grid,False
1963,8,1963-10-06,United States Grand Prix,watkins_glen,Watkins Glen,USA,New York State,42.3369,-76.9272,hill,Graham Hill,British,brm,BRM,1,hill,Graham Hill,BRM,grid,True
1963,9,1963-10-27,Mexican Grand Prix,rodriguez,Autódromo Hermanos Rodríguez,Mexico,Mexico City,19.4042,-99.0907,clark,Jim Clark,British,lotus-climax,Lotus-Climax,1,clark,Jim Clark,Lotus-Climax,grid,True
1963,10,1963-12-28,South African Grand Prix,george,Prince George Circuit,South Africa,Eastern Cape Province,-33.0486,27.8736,clark,Jim Clark,British,lotus-climax,Lotus-Climax,1,clark,Jim Clark,Lotus-Climax,grid,True
1964,1,1964-05-10,Monaco Grand Prix,monaco,Circuit de Monaco,Monaco,Monte Carlo,43.7347,7.42056,hill,Graham Hill,British,brm,BRM,3,clark,Jim Clark,Lotus-Climax,grid,False
1964,2,1964-05-24,Dutch Grand Prix,zandvoort,Circuit Park Zandvoort,Netherlands,Zandvoort,52.3888,4.54092,clark,Jim Clark,British,lotus-climax,Lotus-Climax,2,gurney,Dan Gurney,Brabham-Climax,grid,False
1964,3,1964-06-14,Belgian Grand Prix,spa,Circuit de Spa-Francorchamps,Belgium,Spa,50.4372,5.97139,clark,Jim Clark,British,lotus-climax,Lotus-Climax,6,gurney,Dan Gurney,Brabham-Climax,grid,False
1964,4,1964-06-28,French Grand Prix,essarts,Rouen-Les-Essarts,France,Rouen,49.3306,1.00458,gurney,Dan Gurney,American,brabham-climax,Brabham-Climax,2,clark,Jim Clark,Lotus-Climax,grid,False
1964,5,1964-07-11,British Grand Prix,brands_hatch,Brands Hatch,UK,Kent,51.3569,0.263056,clark,Jim Clark,British,lotus-climax,Lotus-Climax,1,clark,Jim Clark,Lotus-Climax,grid,True
1964,6,1964-08-02,German Grand Prix,nurburgring,Nürburgring,Germany,Nürburg,50.3356,6.9475,surtees,John Surtees,British,ferrari,Ferrari,1,surtees,John Surtees,Ferrari,grid,True
1964,7,1964-08-23,Austrian Grand Prix,zeltweg,Zeltweg,Austria,Styria,47.2039,14.7478,bandini,Lorenzo Bandini,Italian,ferrari,Ferrari,7,hill,Graham Hill,BRM,grid,False
1964,8,1964-09-06,Italian Grand Prix,monza,Autodromo Nazionale di Monza,Italy,Monza,45.6156,9.28111,surtees,John Surtees,British,ferrari,Ferrari,1,surtees,John Surtees,Ferrari,grid,True
1964,9,1964-10-04,United States Grand Prix,watkins_glen,Watkins Glen,USA,New York State,42.3369,-76.9272,hill,Graham Hill,British,brm,BRM,4,clark,Jim Clark,Lotus-Climax,grid,False
1964,10,1964-10-25,Mexican Grand Prix,rodriguez,Autódromo Hermanos Rodríguez,Mexico,Mexico City,19.4042,-99.0907,gurney,Dan Gurney,American,brabham-climax,Brabham-Climax,2,clark,Jim Clark,Lotus-Climax,grid,False
1965,1,1965-01-01,South African Grand Prix,george,Prince George Circuit,South Africa,Eastern Cape Province,-33.0486,27.8736,clark,Jim Clark,British,lotus-climax,Lotus-Climax,1,clark,Jim Clark,Lotus-Climax,grid,True
1965,2,1965-05-30,Monaco Grand Prix,monaco,Circuit de Monaco,Monaco,Monte Carlo,43.7347,7.42056,hill,Graham Hill,British,brm,BRM,1,hill,Graham Hill,BRM,grid,True
1965,3,1965-06-13,Belgian Grand Prix,spa,Circuit de Spa-Francorchamps,Belgium,Spa,50.4372,5.97139,clark,Jim Clark,British,lotus-climax,Lotus-Climax,2,hill,Graham Hill,BRM,grid,False
1965,4,1965-06-27,French Grand Prix,charade,Charade Circuit,France,Clermont-Ferrand,45.7472,3.03889,clark,Jim Clark,British,lotus-climax,Lotus-Climax,1,clark,Jim Clark,Lotus-Climax,grid,True
1965,5,1965-07-10,British Grand Prix,silverstone,Silverstone Circuit,UK,Silverstone,52.0786,-1.01694,clark,Jim Clark,British,lotus-climax,Lotus-Climax,1,clark,Jim Clark,Lotus-Climax,grid,True
1965,6,1965-07-18,Dutch Grand Prix,zandvoort,Circuit Park Zandvoort,Netherlands,Zandvoort,52.3888,4.54092,clark,Jim Clark,British,lotus-climax,Lotus-Climax,2,hill,Graham Hill,BRM,grid,False
1965,7,1965-08-01,German Grand Prix,nurburgring,Nürburgring,Germany,Nürburg,50.3356,6.9475,clark,Jim Clark,British,lotus-climax,Lotus-Climax,1,clark,Jim Clark,Lotus-Climax,grid,True
1965,8,1965-09-12,Italian Grand Prix,monza,Autodromo Nazionale di Monza,Italy,Monza,45.6156,9.28111,stewart,Jackie Stewart,British,brm,BRM,3,clark,Jim Clark,Lotus-Climax,grid,False
1965,9,1965-10-03,United States Grand Prix,watkins_glen,Watkins Glen,USA,New York State,42.3369,-76.9272,hill,Graham Hill,British,brm,BRM,1,hill,Graham Hill,BRM,grid,True
1965,10,1965-10-24,Mexican Grand Prix,rodriguez,Autódromo Hermanos Rodríguez,Mexico,Mexico City,19.4042,-99.0907,ginther,Richie Ginther,American,honda,Honda,3,clark,Jim Clark,Lotus-Climax,grid,False
1966,1,1966-05-22,Monaco Grand Prix,monaco,Circuit de Monaco,Monaco,Monte Carlo,43.7347,7.42056,stewart,Jackie Stewart,British,brm,BRM,3,clark,Jim Clark,Lotus-Climax,grid,False
1966,2,1966-06-12,Belgian Grand Prix,spa,Circuit de Spa-Francorchamps,Belgium,Spa,50.4372,5.97139,surtees,John Surtees,British,ferrari,Ferrari,1,surtees,John Surtees,Ferrari,grid,True
1966,3,1966-07-03,French Grand Prix,reims,Reims-Gueux,France,Reims,49.2542,3.93083,jack_brabham,Jack Brabham,Australian,brabham-repco,Brabham-Repco,4,bandini,Lorenzo Bandini,Ferrari,grid,False
1966,4,1966-07-16,British Grand Prix,brands_hatch,Brands Hatch,UK,Kent,51.3569,0.263056,jack_brabham,Jack Brabham,Australian,brabham-repco,Brabham-Repco,1,jack_brabham,Jack Brabham,Brabham-Repco,grid,True
1966,5,1966-07-24,Dutch Grand Prix,zandvoort,Circuit Park Zandvoort,Netherlands,Zandvoort,52.3888,4.54092,jack_brabham,Jack Brabham,Australian,brabham-repco,Brabham-Repco,1,jack_brabham,Jack Brabham,Brabham-Repco,grid,True
1966,6,1966-08-07,German Grand Prix,nurburgring,Nürburgring,Germany,Nürburg,50.3356,6.9475,jack_brabham,Jack Brabham,Australian,brabham-repco,Brabham-Repco,5,clark,Jim Clark,Lotus-Climax,grid,False
1966,7,1966-09-04,Italian Grand Prix,monza,Autodromo Nazionale di Monza,Italy,Monza,45.6156,9.28111,scarfiotti,Ludovico Scarfiotti,Italian,ferrari,Ferrari,2,parkes,Mike Parkes,Ferrari,grid,False
1966,8,1966-10-02,United States Grand Prix,watkins_glen,Watkins Glen,USA,New York State,42.3369,-76.9272,clark,Jim Clark,British,lotus-brm,Lotus-BRM,2,jack_brabham,Jack Brabham,Brabham-Repco,grid,False
1966,9,1966-10-23,Mexican Grand Prix,rodriguez,Autódromo Hermanos Rodríguez,Mexico,Mexico City,19.4042,-99.0907,surtees,John Surtees,British,cooper-maserati,Cooper-Maserati,1,surtees,John Surtees,Cooper-Maserati,grid,True
1967,1,1967-01-02,South African Grand Prix,kyalami,Kyalami,South Africa,Midrand,-25.9894,28.0767,rodriguez,Pedro Rodríguez,Mexican,cooper-maserati,Cooper-Maserati,4,jack_brabham,Jack Brabham,Brabham-Repco,grid,False
1967,2,1967-05-07,Monaco Grand Prix,monaco,Circuit de Monaco,Monaco,Monte Carlo,43.7347,7.42056,hulme,Denny Hulme,New Zealander,brabham-repco,Brabham-Repco,4,jack_brabham,Jack Brabham,Brabham-Repco,grid,False
1967,3,1967-06-04,Dutch Grand Prix,zandvoort,Circuit Park Zandvoort,Netherlands,Zandvoort,52.3888,4.54092,clark,Jim Clark,British,lotus-ford,Lotus-Ford,8,hill,Graham Hill,Lotus-Ford,grid,False
1967,4,1967-06-18,Belgian Grand Prix,spa,Circuit de Spa-Francorchamps,Belgium,Spa,50.4372,5.97139,gurney,Dan Gurney,American,eagle-weslake,Eagle-Weslake,2,clark,Jim Clark,Lotus-Ford,grid,False
1967,5,1967-07-02,French Grand Prix,lemans,Le Mans,France,Le Mans,47.95,0.224231,jack_brabham,Jack Brabham,Australian,brabham-repco,Brabham-Repco,2,hill,Graham Hill,Lotus-Ford,grid,False
1967,6,1967-07-15,British Grand Prix,silverstone,Silverstone Circuit,UK,Silverstone,52.0786,-1.01694,clark,Jim Clark,British,lotus-ford,Lotus-Ford,1,clark,Jim Clark,Lotus-Ford,grid,True
1967,7,1967-08-06,German Grand Prix,nurburgring,Nürburgring,Germany,Nürburg,50.3356,6.9475,hulme,Denny Hulme,New Zealander,brabham-repco,Brabham-Repco,2,clark,Jim Clark,Lotus-Ford,grid,False
1967,8,1967-08-27,Canadian Grand Prix,mosport,Mosport International Raceway,Canada,Ontario,44.0481,-78.6756,jack_brabham,Jack Brabham,Australian,brabham-repco,Brabham-Repco,7,clark,Jim Clark,Lotus-Ford,grid,False
1967,9,1967-09-10,Italian Grand Prix,monza,Autodromo Nazionale di Monza,Italy,Monza,45.6156,9.28111,surtees,John Surtees,British,honda,Honda,9,clark,Jim Clark,Lotus-Ford,grid,False
1967,10,1967-10-01,United States Grand Prix,watkins_glen,Watkins Glen,USA,New York State,42.3369,-76.9272,clark,Jim Clark,British,lotus-ford,Lotus-Ford,2,hill,Graham Hill,Lotus-Ford,grid,False
1967,11,1967-10-22,Mexican Grand Prix,rodriguez,Autódromo Hermanos Rodríguez,Mexico,Mexico City,19.4042,-99.0907,clark,Jim Clark,British,lotus-ford,Lotus-Ford,1,clark,Jim Clark,Lotus-Ford,grid,True
1968,1,1968-01-01,South African Grand Prix,kyalami,Kyalami,South Africa,Midrand,-25.9894,28.0767,clark,Jim Clark,British,lotus-ford,Lotus-Ford,1,clark,Jim Clark,Lotus-Ford,grid,True
1968,2,1968-05-12,Spanish Grand Prix,jarama,Jarama,Spain,Madrid,40.6171,-3.58558,hill,Graham Hill,British,lotus-ford,Lotus-Ford,6,amon,Chris Amon,Ferrari,grid,False
1968,3,1968-05-26,Monaco Grand Prix,monaco,Circuit de Monaco,Monaco,Monte Carlo,43.7347,7.42056,hill,Graham Hill,British,lotus-ford,Lotus-Ford,1,hill,Graham Hill,Lotus-Ford,grid,True
1968,4,1968-06-09,Belgian Grand Prix,spa,Circuit de Spa-Francorchamps,Belgium,Spa,50.4372,5.97139,mclaren,Bruce McLaren,New Zealander,mclaren-ford,McLaren-Ford,6,amon,Chris Amon,Ferrari,grid,False
1968,5,1968-06-23,Dutch Grand Prix,zandvoort,Circuit Park Zandvoort,Netherlands,Zandvoort,52.3888,4.54092,stewart,Jackie Stewart,British,matra-ford,Matra-Ford,5,amon,Chris Amon,Ferrari,grid,False
1968,6,1968-07-07,French Grand Prix,essarts,Rouen-Les-Essarts,France,Rouen,49.3306,1.00458,ickx,Jacky Ickx,Belgian,ferrari,Ferrari,3,rindt,Jochen Rindt,Brabham-Repco,grid,False
1968,7,1968-07-20,British Grand Prix,brands_hatch,Brands Hatch,UK,Kent,51.3569,0.263056,siffert,Jo Siffert,Swiss,lotus-ford,Lotus-Ford,4,hill,Graham Hill,Lotus-Ford,grid,False
1968,8,1968-08-04,German Grand Prix,nurburgring,Nürburgring,Germany,Nürburg,50.3356,6.9475,stewart,Jackie Stewart,British,matra-ford,Matra-Ford,6,ickx,Jacky Ickx,Ferrari,grid,False
1968,9,1968-09-08,Italian Grand Prix,monza,Autodromo Nazionale di Monza,Italy,Monza,45.6156,9.28111,hulme,Denny Hulme,New Zealander,mclaren-ford,McLaren-Ford,7,surtees,John Surtees,Honda,grid,False
1968,10,1968-09-22,Canadian Grand Prix,tremblant,Circuit Mont-Tremblant,Canada,Quebec,46.1877,-74.6099,hulme,Denny Hulme,New Zealander,mclaren-ford,McLaren-Ford,6,rindt,Jochen Rindt,Brabham-Repco,grid,False
1968,11,1968-10-06,United States Grand Prix,watkins_glen,Watkins Glen,USA,New York State,42.3369,-76.9272,stewart,Jackie Stewart,British,matra-ford,Matra-Ford,2,mario_andretti,Mario Andretti,Lotus-Ford,grid,False
1968,12,1968-11-03,Mexican Grand Prix,rodriguez,Autódromo Hermanos Rodríguez,Mexico,Mexico City,19.4042,-99.0907,hill,Graham Hill,British,lotus-ford,Lotus-Ford,3,siffert,Jo Siffert,Lotus-Ford,grid,False
1969,1,1969-03-01,South African Grand Prix,kyalami,Kyalami,South Africa,Midrand,-25.9894,28.0767,stewart,Jackie Stewart,British,matra-ford,Matra-Ford,4,jack_brabham,Jack Brabham,Brabham-Ford,grid,False
1969,2,1969-05-04,Spanish Grand Prix,montjuic,Montjuïc,Spain,Barcelona,41.3664,2.15167,stewart,Jackie Stewart,British,matra-ford,Matra-Ford,4,rindt,Jochen Rindt,Lotus-Ford,grid,False
1969,3,1969-05-18,Monaco Grand Prix,monaco,Circuit de Monaco,Monaco,Monte Carlo,43.7347,7.42056,hill,Graham Hill,British,lotus-ford,Lotus-Ford,4,stewart,Jackie Stewart,Matra-Ford,grid,False
1969,4,1969-06-21,Dutch Grand Prix,zandvoort,Circuit Park Zandvoort,Netherlands,Zandvoort,52.3888,4.54092,stewart,Jackie Stewart,British,matra-ford,Matra-Ford,2,rindt,Jochen Rindt,Lotus-Ford,grid,False
1969,5,1969-07-06,French Grand Prix,charade,Charade Circuit,France,Clermont-Ferrand,45.7472,3.03889,stewart,Jackie Stewart,British,matra-ford,Matra-Ford,1,stewart,Jackie Stewart,Matra-Ford,grid,True
1969,6,1969-07-19,British Grand Prix,silverstone,Silverstone Circuit,UK,Silverstone,52.0786,-1.01694,stewart,Jackie Stewart,British,matra-ford,Matra-Ford,2,rindt,Jochen Rindt,Lotus-Ford,grid,False
1969,7,1969-08-03,German Grand Prix,nurburgring,Nürburgring,Germany,Nürburg,50.3356,6.9475,ickx,Jacky Ickx,Belgian,brabham-ford,Brabham-Ford,1,ickx,Jacky Ickx,Brabham-Ford,grid,True
1969,8,1969-09-07,Italian Grand Prix,monza,Autodromo Nazionale di Monza,Italy,Monza,45.6156,9.28111,stewart,Jackie Stewart,British,matra-ford,Matra-Ford,3,rindt,Jochen Rindt,Lotus-Ford,grid,False
1969,9,1969-09-20,Canadian Grand Prix,mosport,Mosport International Raceway,Canada,Ontario,44.0481,-78.6756,ickx,Jacky Ickx,Belgian,brabham-ford,Brabham-Ford,1,ickx,Jacky Ickx,Brabham-Ford,grid,True
1969,10,1969-10-05,United States Grand Prix,watkins_glen,Watkins Glen,USA,New York State,42.3369,-76.9272,rindt,Jochen Rindt,Austrian,lotus-ford,Lotus-Ford,1,rindt,Jochen Rindt,Lotus-Ford,grid,True
1969,11,1969-10-19,Mexican Grand Prix,rodriguez,Autódromo Hermanos Rodríguez,Mexico,Mexico City,19.4042,-99.0907,hulme,Denny Hulme,New Zealander,mclaren-ford,McLaren-Ford,4,jack_brabham,Jack Brabham,Brabham-Ford,grid,False
1970,1,1970-03-07,South African Grand Prix,kyalami,Kyalami,South Africa,Midrand,-25.9894,28.0767,jack_brabham,Jack Brabham,Australian,brabham,Brabham,3,stewart,Jackie Stewart,March,grid,False
1970,2,1970-04-19,Spanish Grand Prix,jarama,Jarama,Spain,Madrid,40.6171,-3.58558,stewart,Jackie Stewart,British,march,March,3,jack_brabham,Jack Brabham,Brabham,grid,False
1970,3,1970-05-10,Monaco Grand Prix,monaco,Circuit de Monaco,Monaco,Monte Carlo,43.7347,7.42056,rindt,Jochen Rindt,Austrian,team_lotus,Team Lotus,8,stewart,Jackie Stewart,March,grid,False
1970,4,1970-06-07,Belgian Grand Prix,spa,Circuit de Spa-Francorchamps,Belgium,Spa,50.4372,5.97139,rodriguez,Pedro Rodríguez,Mexican,brm,BRM,6,stewart,Jackie Stewart,March,grid,False
1970,5,1970-06-21,Dutch Grand Prix,zandvoort,Circuit Park Zandvoort,Netherlands,Zandvoort,52.3888,4.54092,rindt,Jochen Rindt,Austrian,team_lotus,Team Lotus,1,rindt,Jochen Rindt,Team Lotus,grid,True
1970,6,1970-07-05,French Grand Prix,charade,Charade Circuit,France,Clermont-Ferrand,45.7472,3.03889,rindt,Jochen Rindt,Austrian,team_lotus,Team Lotus,6,ickx,Jacky Ickx,Ferrari,grid,False
1970,7,1970-07-18,British Grand Prix,brands_hatch,Brands Hatch,UK,Kent,51.3569,0.263056,rindt,Jochen Rindt,Austrian,team_lotus,Team Lotus,1,rindt,Jochen Rindt,Team Lotus,grid,True
1970,8,1970-08-02,German Grand Prix,hockenheimring,Hockenheimring,Germany,Hockenheim,49.3278,8.56583,rindt,Jochen Rindt,Austrian,team_lotus,Team Lotus,2,ickx,Jacky Ickx,Ferrari,grid,False
1970,9,1970-08-16,Austrian Grand Prix,red_bull_ring,Red Bull Ring,Austria,Spielberg,47.2197,14.7647,ickx,Jacky Ickx,Belgian,ferrari,Ferrari,3,rindt,Jochen Rindt,Team Lotus,grid,False
1970,10,1970-09-06,Italian Grand Prix,monza,Autodromo Nazionale di Monza,Italy,Monza,45.6156,9.28111,regazzoni,Clay Regazzoni,Swiss,ferrari,Ferrari,3,ickx,Jacky Ickx,Ferrari,grid,False
1970,11,1970-09-20,Canadian Grand Prix,tremblant,Circuit Mont-Tremblant,Canada,Quebec,46.1877,-74.6099,ickx,Jacky Ickx,Belgian,ferrari,Ferrari,2,stewart,Jackie Stewart,Tyrrell,grid,False
1970,12,1970-10-04,United States Grand Prix,watkins_glen,Watkins Glen,USA,New York State,42.3369,-76.9272,emerson_fittipaldi,Emerson Fittipaldi,Brazilian,team_lotus,Team Lotus,3,ickx,Jacky Ickx,Ferrari,grid,False
1970,13,1970-10-25,Mexican Grand Prix,rodriguez,Autódromo Hermanos Rodríguez,Mexico,Mexico City,19.4042,-99.0907,ickx,Jacky Ickx,Belgian,ferrari,Ferrari,3,regazzoni,Clay Regazzoni,Ferrari,grid,False
1971,1,1971-03-06,South African Grand Prix,kyalami,Kyalami,South Africa,Midrand,-25.9894,28.0767,mario_andretti,Mario Andretti,American,ferrari,Ferrari,4,stewart,Jackie Stewart,Tyrrell,grid,False
1971,2,1971-04-18,Spanish Grand Prix,montjuic,Montjuïc,Spain,Barcelona,41.3664,2.15167,stewart,Jackie Stewart,British,tyrrell,Tyrrell,4,ickx,Jacky Ickx,Ferrari,grid,False
1971,3,1971-05-23,Monaco Grand Prix,monaco,Circuit de Monaco,Monaco,Monte Carlo,43.7347,7.42056,stewart,Jackie Stewart,British,tyrrell,Tyrrell,1,stewart,Jackie Stewart,Tyrrell,grid,True
1971,4,1971-06-20,Dutch Grand Prix,zandvoort,Circuit Park Zandvoort,Netherlands,Zandvoort,52.3888,4.54092,ickx,Jacky Ickx,Belgian,ferrari,Ferrari,1,ickx,Jacky Ickx,Ferrari,grid,True
1971,5,1971-07-04,French Grand Prix,ricard,Circuit Paul Ricard,France,Le Castellet,43.2506,5.79167,stewart,Jackie Stewart,British,tyrrell,Tyrrell,1,stewart,Jackie Stewart,Tyrrell,grid,True
1971,6,1971-07-17,British Grand Prix,silverstone,Silverstone Circuit,UK,Silverstone,52.0786,-1.01694,stewart,Jackie Stewart,British,tyrrell,Tyrrell,2,regazzoni,Clay Regazzoni,Ferrari,grid,False
1971,7,1971-08-01,German Grand Prix,nurburgring,Nürburgring,Germany,Nürburg,50.3356,6.9475,stewart,Jackie Stewart,British,tyrrell,Tyrrell,1,stewart,Jackie Stewart,Tyrrell,grid,True
1971,8,1971-08-15,Austrian Grand Prix,red_bull_ring,Red Bull Ring,Austria,Spielberg,47.2197,14.7647,siffert,Jo Siffert,Swiss,brm,BRM,1,siffert,Jo Siffert,BRM,grid,True
1971,9,1971-09-05,Italian Grand Prix,monza,Autodromo Nazionale di Monza,Italy,Monza,45.6156,9.28111,gethin,Peter Gethin,British,brm,BRM,11,amon,Chris Amon,Matra,grid,False
1971,10,1971-09-19,Canadian Grand Prix,mosport,Mosport International Raceway,Canada,Ontario,44.0481,-78.6756,stewart,Jackie Stewart,British,tyrrell,Tyrrell,1,stewart,Jackie Stewart,Tyrrell,grid,True
1971,11,1971-10-03,United States Grand Prix,watkins_glen,Watkins Glen,USA,New York State,42.3369,-76.9272,cevert,François Cevert,French,tyrrell,Tyrrell,5,stewart,Jackie Stewart,Tyrrell,grid,False
1972,1,1972-01-23,Argentine Grand Prix,galvez,Autódromo Juan y Oscar Gálvez,Argentina,Buenos Aires,-34.6943,-58.4593,stewart,Jackie Stewart,British,tyrrell,Tyrrell,2,reutemann,Carlos Reutemann,Brabham,grid,False
1972,2,1972-03-04,South African Grand Prix,kyalami,Kyalami,South Africa,Midrand,-25.9894,28.0767,hulme,Denny Hulme,New Zealander,mclaren,McLaren,5,stewart,Jackie Stewart,Tyrrell,grid,False
1972,3,1972-05-01,Spanish Grand Prix,jarama,Jarama,Spain,Madrid,40.6171,-3.58558,emerson_fittipaldi,Emerson Fittipaldi,Brazilian,team_lotus,Team Lotus,3,ickx,Jacky Ickx,Ferrari,grid,False
1972,4,1972-05-14,Monaco Grand Prix,monaco,Circuit de Monaco,Monaco,Monte Carlo,43.7347,7.42056,beltoise,Jean-Pierre Beltoise,French,brm,BRM,4,emerson_fittipaldi,Emerson Fittipaldi,Team Lotus,grid,False
1972,5,1972-06-04,Belgian Grand Prix,nivelles,Nivelles-Baulers,Belgium,Brussels,50.6211,4.32694,emerson_fittipaldi,Emerson Fittipaldi,Brazilian,team_lotus,Team Lotus,1,emerson_fittipaldi,Emerson Fittipaldi,Team Lotus,grid,True
1972,6,1972-07-02,French Grand Prix,charade,Charade Circuit,France,Clermont-Ferrand,45.7472,3.03889,stewart,Jackie Stewart,British,tyrrell,Tyrrell,3,amon,Chris Amon,Matra,grid,False
1972,7,1972-07-15,British Grand Prix,brands_hatch,Brands Hatch,UK,Kent,51.3569,0.263056,emerson_fittipaldi,Emerson Fittipaldi,Brazilian,team_lotus,Team Lotus,2,ickx,Jacky Ickx,Ferrari,grid,False
1972,8,1972-07-30,German Grand Prix,nurburgring,Nürburgring,Germany,Nürburg,50.3356,6.9475,ickx,Jacky Ickx,Belgian,ferrari,Ferrari,1,ickx,Jacky Ickx,Ferrari,grid,True
1972,9,1972-08-13,Austrian Grand Prix,red_bull_ring,Red Bull Ring,Austria,Spielberg,47.2197,14.7647,emerson_fittipaldi,Emerson Fittipaldi,Brazilian,team_lotus,Team Lotus,1,emerson_fittipaldi,Emerson Fittipaldi,Team Lotus,grid,True
1972,10,1972-09-10,Italian Grand Prix,monza,Autodromo Nazionale di Monza,Italy,Monza,45.6156,9.28111,emerson_fittipaldi,Emerson Fittipaldi,Brazilian,team_lotus,Team Lotus,4,ickx,Jacky Ickx,Ferrari,grid,False
1972,11,1972-09-24,Canadian Grand Prix,mosport,Mosport International Raceway,Canada,Ontario,44.0481,-78.6756,stewart,Jackie Stewart,British,tyrrell,Tyrrell,5,revson,Peter Revson,McLaren,grid,False
1972,12,1972-10-08,United States Grand Prix,watkins_glen,Watkins Glen,USA,New York State,42.3369,-76.9272,stewart,Jackie Stewart,British,tyrrell,Tyrrell,1,stewart,Jackie Stewart,Tyrrell,grid,True
1973,1,1973-01-28,Argentine Grand Prix,galvez,Autódromo Juan y Oscar Gálvez,Argentina,Buenos Aires,-34.6943,-58.4593,emerson_fittipaldi,Emerson Fittipaldi,Brazilian,team_lotus,Team Lotus,2,regazzoni,Clay Regazzoni,BRM,grid,False
1973,2,1973-02-11,Brazilian Grand Prix,interlagos,Autódromo José Carlos Pace,Brazil,São Paulo,-23.7036,-46.6997,emerson_fittipaldi,Emerson Fittipaldi,Brazilian,team_lotus,Team Lotus,2,peterson,Ronnie Peterson,Team Lotus,grid,False
1973,3,1973-03-03,South African Grand Prix,kyalami,Kyalami,South Africa,Midrand,-25.9894,28.0767,stewart,Jackie Stewart,British,tyrrell,Tyrrell,16,hulme,Denny Hulme,McLaren,grid,False
1973,4,1973-04-29,Spanish Grand Prix,montjuic,Montjuïc,Spain,Barcelona,41.3664,2.15167,emerson_fittipaldi,Emerson Fittipaldi,Brazilian,team_lotus,Team Lotus,7,peterson,Ronnie Peterson,Team Lotus,grid,False
1973,5,1973-05-20,Belgian Grand Prix,zolder,Zolder,Belgium,Heusden-Zolder,50.9894,5.25694,stewart,Jackie Stewart,British,tyrrell,Tyrrell,6,peterson,Ronnie Peterson,Team Lotus,grid,False
1973,6,1973-06-03,Monaco Grand Prix,monaco,Circuit de Monaco,Monaco,Monte Carlo,43.7347,7.42056,stewart,Jackie Stewart,British,tyrrell,Tyrrell,1,stewart,Jackie Stewart,Tyrrell,grid,True
1973,7,1973-06-17,Swedish Grand Prix,anderstorp,Scandinavian Raceway,Sweden,Anderstorp,57.2653,13.6042,hulme,Denny Hulme,New Zealander,mclaren,McLaren,6,peterson,Ronnie Peterson,Team Lotus,grid,False
1973,8,1973-07-01,French Grand Prix,ricard,Circuit Paul Ricard,France,Le Castellet,43.2506,5.79167,peterson,Ronnie Peterson,Swedish,team_lotus,Team Lotus,5,stewart,Jackie Stewart,Tyrrell,grid,False
1973,9,1973-07-14,British Grand Prix,silverstone,Silverstone Circuit,UK,Silverstone,52.0786,-1.01694,revson,Peter Revson,American,mclaren,McLaren,3,peterson,Ronnie Peterson,Team Lotus,grid,False
1973,10,1973-07-29,Dutch Grand Prix,zandvoort,Circuit Park Zandvoort,Netherlands,Zandvoort,52.3888,4.54092,stewart,Jackie Stewart,British,tyrrell,Tyrrell,2,peterson,Ronnie Peterson,Team Lotus,grid,False
1973,11,1973-08-05,German Grand Prix,nurburgring,Nürburgring,Germany,Nürburg,50.3356,6.9475,stewart,Jackie Stewart,British,tyrrell,Tyrrell,1,stewart,Jackie Stewart,Tyrrell,grid,True
1973,12,1973-08-19,Austrian Grand Prix,red_bull_ring,Red Bull Ring,Austria,Spielberg,47.2197,14.7647,peterson,Ronnie Peterson,Swedish,team_lotus,Team Lotus,2,emerson_fittipaldi,Emerson Fittipaldi,Team Lotus,grid,False
1973,13,1973-09-09,Italian Grand Prix,monza,Autodromo Nazionale di Monza,Italy,Monza,45.6156,9.28111,peterson,Ronnie Peterson,Swedish,team_lotus,Team Lotus,1,peterson,Ronnie Peterson,Team Lotus,grid,True
1973,14,1973-09-23,Canadian Grand Prix,mosport,Mosport International Raceway,Canada,Ontario,44.0481,-78.6756,revson,Peter Revson,American,mclaren,McLaren,2,peterson,Ronnie Peterson,Team Lotus,grid,False
1973,15,1973-10-07,United States Grand Prix,watkins_glen,Watkins Glen,USA,New York State,42.3369,-76.9272,peterson,Ronnie Peterson,Swedish,team_lotus,Team Lotus,1,peterson,Ronnie Peterson,Team Lotus,grid,True
1974,1,1974-01-13,Argentine Grand Prix,galvez,Autódromo Juan y Oscar Gálvez,Argentina,Buenos Aires,-34.6943,-58.4593,hulme,Denny Hulme,New Zealander,mclaren,McLaren,10,peterson,Ronnie Peterson,Team Lotus,grid,False
1974,2,1974-01-27,Brazilian Grand Prix,interlagos,Autódromo José Carlos Pace,Brazil,São Paulo,-23.7036,-46.6997,emerson_fittipaldi,Emerson Fittipaldi,Brazilian,mclaren,McLaren,1,emerson_fittipaldi,Emerson Fittipaldi,McLaren,grid,True
1974,3,1974-03-30,South African Grand Prix,kyalami,Kyalami,South Africa,Midrand,-25.9894,28.0767,reutemann,Carlos Reutemann,Argentine,brabham,Brabham,4,lauda,Niki Lauda,Ferrari,grid,False
1974,4,1974-04-28,Spanish Grand Prix,jarama,Jarama,Spain,Madrid,40.6171,-3.58558,lauda,Niki Lauda,Austrian,ferrari,Ferrari,1,lauda,Niki Lauda,Ferrari,grid,True
1974,5,1974-05-12,Belgian Grand Prix,nivelles,Nivelles-Baulers,Belgium,Brussels,50.6211,4.32694,emerson_fittipaldi,Emerson Fittipaldi,Brazilian,mclaren,McLaren,4,regazzoni,Clay Regazzoni,Ferrari,grid,False
1974,6,1974-05-26,Monaco Grand Prix,monaco,Circuit de Monaco,Monaco,Monte Carlo,43.7347,7.42056,peterson,Ronnie Peterson,Swedish,team_lotus,Team Lotus,3,lauda,Niki Lauda,Ferrari,grid,False
1974,7,1974-06-09,Swedish Grand Prix,anderstorp,Scandinavian Raceway,Sweden,Anderstorp,57.2653,13.6042,scheckter,Jody Scheckter,South African,tyrrell,Tyrrell,2,depailler,Patrick Depailler,Tyrrell,grid,False
1974,8,1974-06-23,Dutch Grand Prix,zandvoort,Circuit Park Zandvoort,Netherlands,Zandvoort,52.3888,4.54092,lauda,Niki Lauda,Austrian,ferrari,Ferrari,1,lauda,Niki Lauda,Ferrari,grid,True
1974,9,1974-07-07,French Grand Prix,dijon,Dijon-Prenois,France,Dijon,47.3625,4.89913,peterson,Ronnie Peterson,Swedish,team_lotus,Team Lotus,2,lauda,Niki Lauda,Ferrari,grid,False
1974,10,1974-07-20,British Grand Prix,brands_hatch,Brands Hatch,UK,Kent,51.3569,0.263056,scheckter,Jody Scheckter,South African,tyrrell,Tyrrell,3,lauda,Niki Lauda,Ferrari,grid,False
1974,11,1974-08-04,German Grand Prix,nurburgring,Nürburgring,Germany,Nürburg,50.3356,6.9475,regazzoni,Clay Regazzoni,Swiss,ferrari,Ferrari,2,lauda,Niki Lauda,Ferrari,grid,False
1974,12,1974-08-18,Austrian Grand Prix,red_bull_ring,Red Bull Ring,Austria,Spielberg,47.2197,14.7647,reutemann,Carlos Reutemann,Argentine,brabham,Brabham,2,lauda,Niki Lauda,Ferrari,grid,False
1974,13,1974-09-08,Italian Grand Prix,monza,Autodromo Nazionale di Monza,Italy,Monza,45.6156,9.28111,peterson,Ronnie Peterson,Swedish,team_lotus,Team Lotus,7,lauda,Niki Lauda,Ferrari,grid,False
1974,14,1974-09-22,Canadian Grand Prix,mosport,Mosport International Raceway,Canada,Ontario,44.0481,-78.6756,emerson_fittipaldi,Emerson Fittipaldi,Brazilian,mclaren,McLaren,1,emerson_fittipaldi,Emerson Fittipaldi,McLaren,grid,True
1974,15,1974-10-06,United States Grand Prix,watkins_glen,Watkins Glen,USA,New York State,42.3369,-76.9272,reutemann,Carlos Reutemann,Argentine,brabham,Brabham,1,reutemann,Carlos Reutemann,Brabham,grid,True
1975,1,1975-01-12,Argentine Grand Prix,galvez,Autódromo Juan y Oscar Gálvez,Argentina,Buenos Aires,-34.6943,-58.4593,emerson_fittipaldi,Emerson Fittipaldi,Brazilian,mclaren,McLaren,5,jarier,Jean-Pierre Jarier,Shadow-Ford,grid,False
1975,2,1975-01-26,Brazilian Grand Prix,interlagos,Autódromo José Carlos Pace,Brazil,São Paulo,-23.7036,-46.6997,pace,Carlos Pace,Brazilian,brabham,Brabham,6,jarier,Jean-Pierre Jarier,Shadow-Ford,grid,False
1975,3,1975-03-01,South African Grand Prix,kyalami,Kyalami,South Africa,Midrand,-25.9894,28.0767,scheckter,Jody Scheckter,South African,tyrrell,Tyrrell,3,pace,Carlos Pace,Brabham,grid,False
1975,4,1975-04-27,Spanish Grand Prix,montjuic,Montjuïc,Spain,Barcelona,41.3664,2.15167,mass,Jochen Mass,German,mclaren,McLaren,11,lauda,Niki Lauda,Ferrari,grid,False
1975,5,1975-05-11,Monaco Grand Prix,monaco,Circuit de Monaco,Monaco,Monte Carlo,43.7347,7.42056,lauda,Niki Lauda,Austrian,ferrari,Ferrari,1,lauda,Niki Lauda,Ferrari,grid,True
1975,6,1975-05-25,Belgian Grand Prix,zolder,Zolder,Belgium,Heusden-Zolder,50.9894,5.25694,lauda,Niki Lauda,Austrian,ferrari,Ferrari,1,lauda,Niki Lauda,Ferrari,grid,True
1975,7,1975-06-08,Swedish Grand Prix,anderstorp,Scandinavian Raceway,Sweden,Anderstorp,57.2653,13.6042,lauda,Niki Lauda,Austrian,ferrari,Ferrari,5,brambilla,Vittorio Brambilla,March,grid,False
1975,8,1975-06-22,Dutch Grand Prix,zandvoort,Circuit Park Zandvoort,Netherlands,Zandvoort,52.3888,4.54092,hunt,James Hunt,British,hesketh,Hesketh,3,lauda,Niki Lauda,Ferrari,grid,False
1975,9,1975-07-06,French Grand Prix,ricard,Circuit Paul Ricard,France,Le Castellet,43.2506,5.79167,lauda,Niki Lauda,Austrian,ferrari,Ferrari,1,lauda,Niki Lauda,Ferrari,grid,True
1975,10,1975-07-19,British Grand Prix,silverstone,Silverstone Circuit,UK,Silverstone,52.0786,-1.01694,emerson_fittipaldi,Emerson Fittipaldi,Brazilian,mclaren,McLaren,7,pryce,Tom Pryce,Shadow-Ford,grid,False
1975,11,1975-08-03,German Grand Prix,nurburgring,Nürburgring,Germany,Nürburg,50.3356,6.9475,reutemann,Carlos Reutemann,Argentine,brabham,Brabham,10,lauda,Niki Lauda,Ferrari,grid,False
1975,12,1975-08-17,Austrian Grand Prix,red_bull_ring,Red Bull Ring,Austria,Spielberg,47.2197,14.7647,brambilla,Vittorio Brambilla,Italian,march,March,8,lauda,Niki Lauda,Ferrari,grid,False
1975,13,1975-09-07,Italian Grand Prix,monza,Autodromo Nazionale di Monza,Italy,Monza,45.6156,9.28111,regazzoni,Clay Regazzoni,Swiss,ferrari,Ferrari,2,lauda,Niki Lauda,Ferrari,grid,False
1975,14,1975-10-05,United States Grand Prix,watkins_glen,Watkins Glen,USA,New York State,42.3369,-76.9272,lauda,Niki Lauda,Austrian,ferrari,Ferrari,1,lauda,Niki Lauda,Ferrari,grid,True
1976,1,1976-01-25,Brazilian Grand Prix,interlagos,Autódromo José Carlos Pace,Brazil,São Paulo,-23.7036,-46.6997,lauda,Niki Lauda,Austrian,ferrari,Ferrari,2,hunt,James Hunt,McLaren,grid,False
1976,2,1976-03-06,South African Grand Prix,kyalami,Kyalami,South Africa,Midrand,-25.9894,28.0767,lauda,Niki Lauda,Austrian,ferrari,Ferrari,2,hunt,James Hunt,McLaren,grid,False
1976,3,1976-03-28,United States Grand Prix West,long_beach,Long Beach,USA,California,33.7651,-118.189,regazzoni,Clay Regazzoni,Swiss,ferrari,Ferrari,1,regazzoni,Clay Regazzoni,Ferrari,grid,True
1976,4,1976-05-02,Spanish Grand Prix,jarama,Jarama,Spain,Madrid,40.6171,-3.58558,hunt,James Hunt,British,mclaren,McLaren,1,hunt,James Hunt,McLaren,grid,True
1976,5,1976-05-16,Belgian Grand Prix,zolder,Zolder,Belgium,Heusden-Zolder,50.9894,5.25694,lauda,Niki Lauda,Austrian,ferrari,Ferrari,1,lauda,Niki Lauda,Ferrari,grid,True
1976,6,1976-05-30,Monaco Grand Prix,monaco,Circuit de Monaco,Monaco,Monte Carlo,43.7347,7.42056,lauda,Niki Lauda,Austrian,ferrari,Ferrari,1,lauda,Niki Lauda,Ferrari,grid,True
1976,7,1976-06-13,Swedish Grand Prix,anderstorp,Scandinavian Raceway,Sweden,Anderstorp,57.2653,13.6042,scheckter,Jody Scheckter,South African,tyrrell,Tyrrell,1,scheckter,Jody Scheckter,Tyrrell,grid,True
1976,8,1976-07-04,French Grand Prix,ricard,Circuit Paul Ricard,France,Le Castellet,43.2506,5.79167,hunt,James Hunt,British,mclaren,McLaren,1,hunt,James Hunt,McLaren,grid,True
1976,9,1976-07-18,British Grand Prix,brands_hatch,Brands Hatch,UK,Kent,51.3569,0.263056,lauda,Niki Lauda,Austrian,ferrari,Ferrari,1,lauda,Niki Lauda,Ferrari,grid,True
1976,10,1976-08-01,German Grand Prix,nurburgring,Nürburgring,Germany,Nürburg,50.3356,6.9475,hunt,James Hunt,British,mclaren,McLaren,1,hunt,James Hunt,McLaren,grid,True
1976,11,1976-08-15,Austrian Grand Prix,red_bull_ring,Red Bull Ring,Austria,Spielberg,47.2197,14.7647,watson,John Watson,British,penske,Penske,2,hunt,James Hunt,McLaren,grid,False
1976,12,1976-08-29,Dutch Grand Prix,zandvoort,Circuit Park Zandvoort,Netherlands,Zandvoort,52.3888,4.54092,hunt,James Hunt,British,mclaren,McLaren,2,peterson,Ronnie Peterson,March,grid,False
1976,13,1976-09-12,Italian Grand Prix,monza,Autodromo Nazionale di Monza,Italy,Monza,45.6156,9.28111,peterson,Ronnie Peterson,Swedish,march,March,8,laffite,Jacques Laffite,Ligier,grid,False
1976,14,1976-10-03,Canadian Grand Prix,mosport,Mosport International Raceway,Canada,Ontario,44.0481,-78.6756,hunt,James Hunt,British,mclaren,McLaren,1,hunt,James Hunt,McLaren,grid,True
1976,15,1976-10-10,United States Grand Prix,watkins_glen,Watkins Glen,USA,New York State,42.3369,-76.9272,hunt,James Hunt,British,mclaren,McLaren,1,hunt,James Hunt,McLaren,grid,True
1976,16,1976-10-24,Japanese Grand Prix,fuji,Fuji Speedway,Japan,Oyama,35.3717,138.927,mario_andretti,Mario Andretti,American,team_lotus,Team Lotus,1,mario_andretti,Mario Andretti,Team Lotus,grid,True
1977,1,1977-01-09,Argentine Grand Prix,galvez,Autódromo Juan y Oscar Gálvez,Argentina,Buenos Aires,-34.6943,-58.4593,scheckter,Jody Scheckter,South African,wolf,Wolf,11,hunt,James Hunt,McLaren,grid,False
1977,2,1977-01-23,Brazilian Grand Prix,interlagos,Autódromo José Carlos Pace,Brazil,São Paulo,-23.7036,-46.6997,reutemann,Carlos Reutemann,Argentine,ferrari,Ferrari,2,hunt,James Hunt,McLaren,grid,False
1977,3,1977-03-05,South African Grand Prix,kyalami,Kyalami,South Africa,Midrand,-25.9894,28.0767,lauda,Niki Lauda,Austrian,ferrari,Ferrari,3,hunt,James Hunt,McLaren,grid,False
1977,4,1977-04-03,United States Grand Prix West,long_beach,Long Beach,USA,California,33.7651,-118.189,mario_andretti,Mario Andretti,American,team_lotus,Team Lotus,2,lauda,Niki Lauda,Ferrari,grid,False
1977,5,1977-05-08,Spanish Grand Prix,jarama,Jarama,Spain,Madrid,40.6171,-3.58558,mario_andretti,Mario Andretti,American,team_lotus,Team Lotus,1,mario_andretti,Mario Andretti,Team Lotus,grid,True
1977,6,1977-05-22,Monaco Grand Prix,monaco,Circuit de Monaco,Monaco,Monte Carlo,43.7347,7.42056,scheckter,Jody Scheckter,South African,wolf,Wolf,2,watson,John Watson,Brabham,grid,False
1977,7,1977-06-05,Belgian Grand Prix,zolder,Zolder,Belgium,Heusden-Zolder,50.9894,5.25694,nilsson,Gunnar Nilsson,Swedish,team_lotus,Team Lotus,3,mario_andretti,Mario Andretti,Team Lotus,grid,False
1977,8,1977-06-19,Swedish Grand Prix,anderstorp,Scandinavian Raceway,Sweden,Anderstorp,57.2653,13.6042,laffite,Jacques Laffite,French,ligier,Ligier,8,mario_andretti,Mario Andretti,Team Lotus,grid,False
1977,9,1977-07-03,French Grand Prix,dijon,Dijon-Prenois,France,Dijon,47.3625,4.89913,mario_andretti,Mario Andretti,American,team_lotus,Team Lotus,1,mario_andretti,Mario Andretti,Team Lotus,grid,True
1977,10,1977-07-16,British Grand Prix,silverstone,Silverstone Circuit,UK,Silverstone,52.0786,-1.01694,hunt,James Hunt,British,mclaren,McLaren,1,hunt,James Hunt,McLaren,grid,True
1977,11,1977-07-31,German Grand Prix,hockenheimring,Hockenheimring,Germany,Hockenheim,49.3278,8.56583,lauda,Niki Lauda,Austrian,ferrari,Ferrari,3,scheckter,Jody Scheckter,Wolf,grid,False
1977,12,1977-08-14,Austrian Grand Prix,red_bull_ring,Red Bull Ring,Austria,Spielberg,47.2197,14.7647,jones,Alan Jones,Australian,shadow,Shadow,14,lauda,Niki Lauda,Ferrari,grid,False
1977,13,1977-08-28,Dutch Grand Prix,zandvoort,Circuit Park Zandvoort,Netherlands,Zandvoort,52.3888,4.54092,lauda,Niki Lauda,Austrian,ferrari,Ferrari,4,mario_andretti,Mario Andretti,Team Lotus,grid,False
1977,14,1977-09-11,Italian Grand Prix,monza,Autodromo Nazionale di Monza,Italy,Monza,45.6156,9.28111,mario_andretti,Mario Andretti,American,team_lotus,Team Lotus,4,hunt,James Hunt,McLaren,grid,False
1977,15,1977-10-02,United States Grand Prix,watkins_glen,Watkins Glen,USA,New York State,42.3369,-76.9272,hunt,James Hunt,British,mclaren,McLaren,1,hunt,James Hunt,McLaren,grid,True
1977,16,1977-10-09,Canadian Grand Prix,mosport,Mosport International Raceway,Canada,Ontario,44.0481,-78.6756,scheckter,Jody Scheckter,South African,wolf,Wolf,9,mario_andretti,Mario Andretti,Team Lotus,grid,False
1977,17,1977-10-23,Japanese Grand Prix,fuji,Fuji Speedway,Japan,Oyama,35.3717,138.927,hunt,James Hunt,British,mclaren,McLaren,2,mario_andretti,Mario Andretti,Team Lotus,grid,False
1978,1,1978-01-15,Argentine Grand Prix,galvez,Autódromo Juan y Oscar Gálvez,Argentina,Buenos Aires,-34.6943,-58.4593,mario_andretti,Mario Andretti,American,team_lotus,Team Lotus,1,mario_andretti,Mario Andretti,Team Lotus,grid,True
1978,2,1978-01-29,Brazilian Grand Prix,jacarepagua,Autódromo Internacional Nelson Piquet,Brazil,Rio de Janeiro,-22.9756,-43.395,reutemann,Carlos Reutemann,Argentine,ferrari,Ferrari,4,peterson,Ronnie Peterson,Team Lotus,grid,False
1978,3,1978-03-04,South African Grand Prix,kyalami,Kyalami,South Africa,Midrand,-25.9894,28.0767,peterson,Ronnie Peterson,Swedish,team_lotus,Team Lotus,12,lauda,Niki Lauda,Brabham,grid,False
1978,4,1978-04-02,United States Grand Prix West,long_beach,Long Beach,USA,California,33.7651,-118.189,reutemann,Carlos Reutemann,Argentine,ferrari,Ferrari,1,reutemann,Carlos Reutemann,Ferrari,grid,True
1978,5,1978-05-07,Monaco Grand Prix,monaco,Circuit de Monaco,Monaco,Monte Carlo,43.7347,7.42056,depailler,Patrick Depailler,French,tyrrell,Tyrrell,5,reutemann,Carlos Reutemann,Ferrari,grid,False
1978,6,1978-05-21,Belgian Grand Prix,zolder,Zolder,Belgium,Heusden-Zolder,50.9894,5.25694,mario_andretti,Mario Andretti,American,team_lotus,Team Lotus,1,mario_andretti,Mario Andretti,Team Lotus,grid,True
1978,7,1978-06-04,Spanish Grand Prix,jarama,Jarama,Spain,Madrid,40.6171,-3.58558,mario_andretti,Mario Andretti,American,team_lotus,Team Lotus,1,mario_andretti,Mario Andretti,Team Lotus,grid,True
1978,8,1978-06-17,Swedish Grand Prix,anderstorp,Scandinavian Raceway,Sweden,Anderstorp,57.2653,13.6042,lauda,Niki Lauda,Austrian,brabham,Brabham,3,mario_andretti,Mario Andretti,Team Lotus,grid,False
1978,9,1978-07-02,French Grand Prix,ricard,Circuit Paul Ricard,France,Le Castellet,43.2506,5.79167,mario_andretti,Mario Andretti,American,team_lotus,Team Lotus,2,watson,John Watson,Brabham,grid,False
1978,10,1978-07-16,British Grand Prix,brands_hatch,Brands Hatch,UK,Kent,51.3569,0.263056,reutemann,Carlos Reutemann,Argentine,ferrari,Ferrari,8,peterson,Ronnie Peterson,Team Lotus,grid,False
1978,11,1978-07-30,German Grand Prix,hockenheimring,Hockenheimring,Germany,Hockenheim,49.3278,8.56583,mario_andretti,Mario Andretti,American,team_lotus,Team Lotus,1,mario_andretti,Mario Andretti,Team Lotus,grid,True
1978,12,1978-08-13,Austrian Grand Prix,red_bull_ring,Red Bull Ring,Austria,Spielberg,47.2197,14.7647,peterson,Ronnie Peterson,Swedish,team_lotus,Team Lotus,1,peterson,Ronnie Peterson,Team Lotus,grid,True
1978,13,1978-08-27,Dutch Grand Prix,zandvoort,Circuit Park Zandvoort,Netherlands,Zandvoort,52.3888,4.54092,mario_andretti,Mario Andretti,American,team_lotus,Team Lotus,1,mario_andretti,Mario Andretti,Team Lotus,grid,True
1978,14,1978-09-10,Italian Grand Prix,monza,Autodromo Nazionale di Monza,Italy,Monza,45.6156,9.28111,lauda,Niki Lauda,Austrian,brabham,Brabham,4,mario_andretti,Mario Andretti,Team Lotus,grid,False
1978,15,1978-10-01,United States Grand Prix,watkins_glen,Watkins Glen,USA,New York State,42.3369,-76.9272,reutemann,Carlos Reutemann,Argentine,ferrari,Ferrari,2,mario_andretti,Mario Andretti,Team Lotus,grid,False
1978,16,1978-10-08,Canadian Grand Prix,villeneuve,Circuit Gilles Villeneuve,Canada,Montreal,45.5,-73.5228,gilles_villeneuve,Gilles Villeneuve,Canadian,ferrari,Ferrari,3,jarier,Jean-Pierre Jarier,Team Lotus,grid,False
1979,1,1979-01-21,Argentine Grand Prix,galvez,Autódromo Juan y Oscar Gálvez,Argentina,Buenos Aires,-34.6943,-58.4593,laffite,Jacques Laffite,French,ligier,Ligier,1,laffite,Jacques Laffite,Ligier,grid,True
1979,2,1979-02-04,Brazilian Grand Prix,interlagos,Autódromo José Carlos Pace,Brazil,São Paulo,-23.7036,-46.6997,laffite,Jacques Laffite,French,ligier,Ligier,1,laffite,Jacques Laffite,Ligier,grid,True
1979,3,1979-03-03,South African Grand Prix,kyalami,Kyalami,South Africa,Midrand,-25.9894,28.0767,gilles_villeneuve,Gilles Villeneuve,Canadian,ferrari,Ferrari,3,jabouille,Jean-Pierre Jabouille,Renault,grid,False
1979,4,1979-04-08,United States Grand Prix West,long_beach,Long Beach,USA,California,33.7651,-118.189,gilles_villeneuve,Gilles Villeneuve,Canadian,ferrari,Ferrari,1,gilles_villeneuve,Gilles Villeneuve,Ferrari,grid,True
1979,5,1979-04-29,Spanish Grand Prix,jarama,Jarama,Spain,Madrid,40.6171,-3.58558,depailler,Patrick Depailler,French,ligier,Ligier,2,laffite,Jacques Laffite,Ligier,grid,False
1979,6,1979-05-13,Belgian Grand Prix,zolder,Zolder,Belgium,Heusden-Zolder,50.9894,5.25694,scheckter,Jody Scheckter,South African,ferrari,Ferrari,7,laffite,Jacques Laffite,Ligier,grid,False
1979,7,1979-05-27,Monaco Grand Prix,monaco,Circuit de Monaco,Monaco,Monte Carlo,43.7347,7.42056,scheckter,Jody Scheckter,South African,ferrari,Ferrari,1,scheckter,Jody Scheckter,Ferrari,grid,True
1979,8,1979-07-01,French Grand Prix,dijon,Dijon-Prenois,France,Dijon,47.3625,4.89913,jabouille,Jean-Pierre Jabouille,French,renault,Renault,1,jabouille,Jean-Pierre Jabouille,Renault,grid,True
1979,9,1979-07-14,British Grand Prix,silverstone,Silverstone Circuit,UK,Silverstone,52.0786,-1.01694,regazzoni,Clay Regazzoni,Swiss,williams,Williams,4,jones,Alan Jones,Williams,grid,False
1979,10,1979-07-29,German Grand Prix,hockenheimring,Hockenheimring,Germany,Hockenheim,49.3278,8.56583,jones,Alan Jones,Australian,williams,Williams,2,jabouille,Jean-Pierre Jabouille,Renault,grid,False
1979,11,1979-08-12,Austrian Grand Prix,red_bull_ring,Red Bull Ring,Austria,Spielberg,47.2197,14.7647,jones,Alan Jones,Australian,williams,Williams,2,arnoux,René Arnoux,Renault,grid,False
1979,12,1979-08-26,Dutch Grand Prix,zandvoort,Circuit Park Zandvoort,Netherlands,Zandvoort,52.3888,4.54092,jones,Alan Jones,Australian,williams,Williams,2,arnoux,René Arnoux,Renault,grid,False
1979,13,1979-09-09,Italian Grand Prix,monza,Autodromo Nazionale di Monza,Italy,Monza,45.6156,9.28111,scheckter,Jody Scheckter,South African,ferrari,Ferrari,3,jabouille,Jean-Pierre Jabouille,Renault,grid,False
1979,14,1979-09-30,Canadian Grand Prix,villeneuve,Circuit Gilles Villeneuve,Canada,Montreal,45.5,-73.5228,jones,Alan Jones,Australian,williams,Williams,1,jones,Alan Jones,Williams,grid,True
1979,15,1979-10-07,United States Grand Prix,watkins_glen,Watkins Glen,USA,New York State,42.3369,-76.9272,gilles_villeneuve,Gilles Villeneuve,Canadian,ferrari,Ferrari,3,jones,Alan Jones,Williams,grid,False
1980,1,1980-01-13,Argentine Grand Prix,galvez,Autódromo Juan y Oscar Gálvez,Argentina,Buenos Aires,-34.6943,-58.4593,jones,Alan Jones,Australian,williams,Williams,1,jones,Alan Jones,Williams,grid,True
1980,2,1980-01-27,Brazilian Grand Prix,interlagos,Autódromo José Carlos Pace,Brazil,São Paulo,-23.7036,-46.6997,arnoux,René Arnoux,French,renault,Renault,6,jabouille,Jean-Pierre Jabouille,Renault,grid,False
1980,3,1980-03-01,South African Grand Prix,kyalami,Kyalami,South Africa,Midrand,-25.9894,28.0767,arnoux,René Arnoux,French,renault,Renault,2,jabouille,Jean-Pierre Jabouille,Renault,grid,False
1980,4,1980-03-30,United States Grand Prix West,long_beach,Long Beach,USA,California,33.7651,-118.189,piquet,Nelson Piquet,Brazilian,brabham,Brabham,1,piquet,Nelson Piquet,Brabham,grid,True
1980,5,1980-05-04,Belgian Grand Prix,zolder,Zolder,Belgium,Heusden-Zolder,50.9894,5.25694,pironi,Didier Pironi,French,ligier,Ligier,2,jones,Alan Jones,Williams,grid,False
1980,6,1980-05-18,Monaco Grand Prix,monaco,Circuit de Monaco,Monaco,Monte Carlo,43.7347,7.42056,reutemann,Carlos Reutemann,Argentine,williams,Williams,2,pironi,Didier Pironi,Ligier,grid,False
1980,7,1980-06-29,French Grand Prix,ricard,Circuit Paul Ricard,France,Le Castellet,43.2506,5.79167,jones,Alan Jones,Australian,williams,Williams,4,laffite,Jacques Laffite,Ligier,grid,False
1980,8,1980-07-13,British Grand Prix,brands_hatch,Brands Hatch,UK,Kent,51.3569,0.263056,jones,Alan Jones,Australian,williams,Williams,3,pironi,Didier Pironi,Ligier,grid,False
1980,9,1980-08-10,German Grand Prix,hockenheimring,Hockenheimring,Germany,Hockenheim,49.3278,8.56583,laffite,Jacques Laffite,French,ligier,Ligier,5,jones,Alan Jones,Williams,grid,False
1980,10,1980-08-17,Austrian Grand Prix,red_bull_ring,Red Bull Ring,Austria,Spielberg,47.2197,14.7647,jabouille,Jean-Pierre Jabouille,French,renault,Renault,2,arnoux,René Arnoux,Renault,grid,False
1980,11,1980-08-31,Dutch Grand Prix,zandvoort,Circuit Park Zandvoort,Netherlands,Zandvoort,52.3888,4.54092,piquet,Nelson Piquet,Brazilian,brabham,Brabham,5,arnoux,René Arnoux,Renault,grid,False
1980,12,1980-09-14,Italian Grand Prix,imola,Autodromo Enzo e Dino Ferrari,Italy,Imola,44.3439,11.7167,piquet,Nelson Piquet,Brazilian,brabham,Brabham,5,arnoux,René Arnoux,Renault,grid,False
1980,13,1980-09-28,Canadian Grand Prix,villeneuve,Circuit Gilles Villeneuve,Canada,Montreal,45.5,-73.5228,jones,Alan Jones,Australian,williams,Williams,2,piquet,Nelson Piquet,Brabham,grid,False
1980,14,1980-10-05,United States Grand Prix,watkins_glen,Watkins Glen,USA,New York State,42.3369,-76.9272,jones,Alan Jones,Australian,williams,Williams,5,giacomelli,Bruno Giacomelli,Alfa Romeo,grid,False
1981,1,1981-03-15,United States Grand Prix West,long_beach,Long Beach,USA,California,33.7651,-118.189,jones,Alan Jones,Australian,williams,Williams,2,patrese,Riccardo Patrese,Arrows,grid,False
1981,2,1981-03-29,Brazilian Grand Prix,jacarepagua,Autódromo Internacional Nelson Piquet,Brazil,Rio de Janeiro,-22.9756,-43.395,reutemann,Carlos Reutemann,Argentine,williams,Williams,2,piquet,Nelson Piquet,Brabham,grid,False
1981,3,1981-04-12,Argentine Grand Prix,galvez,Autódromo Juan y Oscar Gálvez,Argentina,Buenos Aires,-34.6943,-58.4593,piquet,Nelson Piquet,Brazilian,brabham,Brabham,1,piquet,Nelson Piquet,Brabham,grid,True
1981,4,1981-05-03,San Marino Grand Prix,imola,Autodromo Enzo e Dino Ferrari,Italy,Imola,44.3439,11.7167,piquet,Nelson Piquet,Brazilian,brabham,Brabham,5,gilles_villeneuve,Gilles Villeneuve,Ferrari,grid,False
1981,5,1981-05-17,Belgian Grand Prix,zolder,Zolder,Belgium,Heusden-Zolder,50.9894,5.25694,reutemann,Carlos Reutemann,Argentine,williams,Williams,1,reutemann,Carlos Reutemann,Williams,grid,True
1981,6,1981-05-31,Monaco Grand Prix,monaco,Circuit de Monaco,Monaco,Monte Carlo,43.7347,7.42056,gilles_villeneuve,Gilles Villeneuve,Canadian,ferrari,Ferrari,2,piquet,Nelson Piquet,Brabham,grid,False
1981,7,1981-06-21,Spanish Grand Prix,jarama,Jarama,Spain,Madrid,40.6171,-3.58558,gilles_villeneuve,Gilles Villeneuve,Canadian,ferrari,Ferrari,7,laffite,Jacques Laffite,Ligier,grid,False
1981,8,1981-07-05,French Grand Prix,dijon,Dijon-Prenois,France,Dijon,47.3625,4.89913,prost,Alain Prost,French,renault,Renault,3,arnoux,René Arnoux,Renault,grid,False
1981,9,1981-07-18,British Grand Prix,silverstone,Silverstone Circuit,UK,Silverstone,52.0786,-1.01694,watson,John Watson,British,mclaren,McLaren,5,arnoux,René Arnoux,Renault,grid,False
1981,10,1981-08-02,German Grand Prix,hockenheimring,Hockenheimring,Germany,Hockenheim,49.3278,8.56583,piquet,Nelson Piquet,Brazilian,brabham,Brabham,6,prost,Alain Prost,Renault,grid,False
1981,11,1981-08-16,Austrian Grand Prix,red_bull_ring,Red Bull Ring,Austria,Spielberg,47.2197,14.7647,laffite,Jacques Laffite,French,ligier,Ligier,4,arnoux,René Arnoux,Renault,grid,False
1981,12,1981-08-30,Dutch Grand Prix,zandvoort,Circuit Park Zandvoort,Netherlands,Zandvoort,52.3888,4.54092,prost,Alain Prost,French,renault,Renault,1,prost,Alain Prost,Renault,grid,True
1981,13,1981-09-13,Italian Grand Prix,monza,Autodromo Nazionale di Monza,Italy,Monza,45.6156,9.28111,prost,Alain Prost,French,renault,Renault,3,arnoux,René Arnoux,Renault,grid,False
1981,14,1981-09-27,Canadian Grand Prix,villeneuve,Circuit Gilles Villeneuve,Canada,Montreal,45.5,-73.5228,laffite,Jacques Laffite,French,ligier,Ligier,10,piquet,Nelson Piquet,Brabham,grid,False
1981,15,1981-10-17,Caesars Palace Grand Prix,las_vegas,Las Vegas Street Circuit,USA,Nevada,36.1162,-115.174,jones,Alan Jones,Australian,williams,Williams,2,reutemann,Carlos Reutemann,Williams,grid,False
1982,1,1982-01-23,South African Grand Prix,kyalami,Kyalami,South Africa,Midrand,-25.9894,28.0767,prost,Alain Prost,French,renault,Renault,5,arnoux,René Arnoux,Renault,grid,False
1982,2,1982-03-21,Brazilian Grand Prix,jacarepagua,Autódromo Internacional Nelson Piquet,Brazil,Rio de Janeiro,-22.9756,-43.395,prost,Alain Prost,French,renault,Renault,1,prost,Alain Prost,Renault,grid,True
1982,3,1982-04-04,United States Grand Prix West,long_beach,Long Beach,USA,California,33.7651,-118.189,lauda,Niki Lauda,Austrian,mclaren,McLaren,2,cesaris,Andrea de Cesaris,Alfa Romeo,grid,False
1982,4,1982-04-25,San Marino Grand Prix,imola,Autodromo Enzo e Dino Ferrari,Italy,Imola,44.3439,11.7167,pironi,Didier Pironi,French,ferrari,Ferrari,4,arnoux,René Arnoux,Renault,grid,False
1982,5,1982-05-09,Belgian Grand Prix,zolder,Zolder,Belgium,Heusden-Zolder,50.9894,5.25694,watson,John Watson,British,mclaren,McLaren,10,prost,Alain Prost,Renault,grid,False
1982,6,1982-05-23,Monaco Grand Prix,monaco,Circuit de Monaco,Monaco,Monte Carlo,43.7347,7.42056,patrese,Riccardo Patrese,Italian,brabham,Brabham,2,arnoux,René Arnoux,Renault,grid,False
1982,7,1982-06-06,Detroit Grand Prix,detroit,Detroit Street Circuit,USA,Detroit,42.3298,-83.0401,watson,John Watson,British,mclaren,McLaren,17,prost,Alain Prost,Renault,grid,False
1982,8,1982-06-13,Canadian Grand Prix,villeneuve,Circuit Gilles Villeneuve,Canada,Montreal,45.5,-73.5228,piquet,Nelson Piquet,Brazilian,brabham,Brabham,4,pironi,Didier Pironi,Ferrari,grid,False
1982,9,1982-07-03,Dutch Grand Prix,zandvoort,Circuit Park Zandvoort,Netherlands,Zandvoort,52.3888,4.54092,pironi,Didier Pironi,French,ferrari,Ferrari,4,arnoux,René Arnoux,Renault,grid,False
1982,10,1982-07-18,British Grand Prix,brands_hatch,Brands Hatch,UK,Kent,51.3569,0.263056,lauda,Niki Lauda,Austrian,mclaren,McLaren,5,keke_rosberg,Keke Rosberg,Williams,grid,False
1982,11,1982-07-25,French Grand Prix,ricard,Circuit Paul Ricard,France,Le Castellet,43.2506,5.79167,arnoux,René Arnoux,French,renault,Renault,1,arnoux,René Arnoux,Renault,grid,True
1982,12,1982-08-08,German Grand Prix,hockenheimring,Hockenheimring,Germany,Hockenheim,49.3278,8.56583,tambay,Patrick Tambay,French,ferrari,Ferrari,5,pironi,Didier Pironi,Ferrari,grid,False
1982,13,1982-08-15,Austrian Grand Prix,red_bull_ring,Red Bull Ring,Austria,Spielberg,47.2197,14.7647,angelis,Elio de Angelis,Italian,team_lotus,Team Lotus,7,piquet,Nelson Piquet,Brabham,grid,False
1982,14,1982-08-29,Swiss Grand Prix,dijon,Dijon-Prenois,France,Dijon,47.3625,4.89913,keke_rosberg,Keke Rosberg,Finnish,williams,Williams,8,prost,Alain Prost,Renault,grid,False
1982,15,1982-09-12,Italian Grand Prix,monza,Autodromo Nazionale di Monza,Italy,Monza,45.6156,9.28111,arnoux,René Arnoux,French,renault,Renault,6,mario_andretti,Mario Andretti,Ferrari,grid,False
1982,16,1982-09-25,Caesars Palace Grand Prix,las_vegas,Las Vegas Street Circuit,USA,Nevada,36.1162,-115.174,alboreto,Michele Alboreto,Italian,tyrrell,Tyrrell,3,prost,Alain Prost,Renault,grid,False
1983,1,1983-03-13,Brazilian Grand Prix,jacarepagua,Autódromo Internacional Nelson Piquet,Brazil,Rio de Janeiro,-22.9756,-43.395,piquet,Nelson Piquet,Brazilian,brabham,Brabham,4,keke_rosberg,Keke Rosberg,Williams,grid,False
1983,2,1983-03-27,United States Grand Prix West,long_beach,Long Beach,USA,California,33.7651,-118.189,watson,John Watson,British,mclaren,McLaren,22,tambay,Patrick Tambay,Ferrari,grid,False
1983,3,1983-04-17,French Grand Prix,ricard,Circuit Paul Ricard,France,Le Castellet,43.2506,5.79167,prost,Alain Prost,French,renault,Renault,1,prost,Alain Prost,Renault,grid,True
1983,4,1983-05-01,San Marino Grand Prix,imola,Autodromo Enzo e Dino Ferrari,Italy,Imola,44.3439,11.7167,tambay,Patrick Tambay,French,ferrari,Ferrari,3,arnoux,René Arnoux,Ferrari,grid,False
1983,5,1983-05-15,Monaco Grand Prix,monaco,Circuit de Monaco,Monaco,Monte Carlo,43.7347,7.42056,keke_rosberg,Keke Rosberg,Finnish,williams,Williams,5,prost,Alain Prost,Renault,grid,False
1983,6,1983-05-22,Belgian Grand Prix,spa,Circuit de Spa-Francorchamps,Belgium,Spa,50.4372,5.97139,prost,Alain Prost,French,renault,Renault,1,prost,Alain Prost,Renault,grid,True
1983,7,1983-06-05,Detroit Grand Prix,detroit,Detroit Street Circuit,USA,Detroit,42.3298,-83.0401,alboreto,Michele Alboreto,Italian,tyrrell,Tyrrell,6,arnoux,René Arnoux,Ferrari,grid,False
1983,8,1983-06-12,Canadian Grand Prix,villeneuve,Circuit Gilles Villeneuve,Canada,Montreal,45.5,-73.5228,arnoux,René Arnoux,French,ferrari,Ferrari,1,arnoux,René Arnoux,Ferrari,grid,True
1983,9,1983-07-16,British Grand Prix,silverstone,Silverstone Circuit,UK,Silverstone,52.0786,-1.01694,prost,Alain Prost,French,renault,Renault,3,arnoux,René Arnoux,Ferrari,grid,False
1983,10,1983-08-07,German Grand Prix,hockenheimring,Hockenheimring,Germany,Hockenheim,49.3278,8.56583,arnoux,René Arnoux,French,ferrari,Ferrari,2,tambay,Patrick Tambay,Ferrari,grid,False
1983,11,1983-08-14,Austrian Grand Prix,red_bull_ring,Red Bull Ring,Austria,Spielberg,47.2197,14.7647,prost,Alain Prost,French,renault,Renault,5,tambay,Patrick Tambay,Ferrari,grid,False
1983,12,1983-08-28,Dutch Grand Prix,zandvoort,Circuit Park Zandvoort,Netherlands,Zandvoort,52.3888,4.54092,arnoux,René Arnoux,French,ferrari,Ferrari,10,piquet,Nelson Piquet,Brabham,grid,False
1983,13,1983-09-11,Italian Grand Prix,monza,Autodromo Nazionale di Monza,Italy,Monza,45.6156,9.28111,piquet,Nelson Piquet,Brazilian,brabham,Brabham,4,patrese,Riccardo Patrese,Brabham,grid,False
1983,14,1983-09-25,European Grand Prix,brands_hatch,Brands Hatch,UK,Kent,51.3569,0.263056,piquet,Nelson Piquet,Brazilian,brabham,Brabham,4,angelis,Elio de Angelis,Team Lotus,grid,False
1983,15,1983-10-15,South African Grand Prix,kyalami,Kyalami,South Africa,Midrand,-25.9894,28.0767,patrese,Riccardo Patrese,Italian,brabham,Brabham,3,tambay,Patrick Tambay,Ferrari,grid,False
1984,1,1984-03-25,Brazilian Grand Prix,jacarepagua,Autódromo Internacional Nelson Piquet,Brazil,Rio de Janeiro,-22.9756,-43.395,prost,Alain Prost,French,mclaren,McLaren,4,angelis,Elio de Angelis,Team Lotus,grid,False
1984,2,1984-04-07,South African Grand Prix,kyalami,Kyalami,South Africa,Midrand,-25.9894,28.0767,lauda,Niki Lauda,Austrian,mclaren,McLaren,8,piquet,Nelson Piquet,Brabham,grid,False
1984,3,1984-04-29,Belgian Grand Prix,zolder,Zolder,Belgium,Heusden-Zolder,50.9894,5.25694,alboreto,Michele Alboreto,Italian,ferrari,Ferrari,1,alboreto,Michele Alboreto,Ferrari,grid,True
1984,4,1984-05-06,San Marino Grand Prix,imola,Autodromo Enzo e Dino Ferrari,Italy,Imola,44.3439,11.7167,prost,Alain Prost,French,mclaren,McLaren,2,piquet,Nelson Piquet,Brabham,grid,False
1984,5,1984-05-20,French Grand Prix,dijon,Dijon-Prenois,France,Dijon,47.3625,4.89913,lauda,Niki Lauda,Austrian,mclaren,McLaren,9,tambay,Patrick Tambay,Renault,grid,False
1984,6,1984-06-03,Monaco Grand Prix,monaco,Circuit de Monaco,Monaco,Monte Carlo,43.7347,7.42056,prost,Alain Prost,French,mclaren,McLaren,1,prost,Alain Prost,McLaren,grid,True
1984,7,1984-06-17,Canadian Grand Prix,villeneuve,Circuit Gilles Villeneuve,Canada,Montreal,45.5,-73.5228,piquet,Nelson Piquet,Brazilian,brabham,Brabham,1,piquet,Nelson Piquet,Brabham,grid,True
1984,8,1984-06-24,Detroit Grand Prix,detroit,Detroit Street Circuit,USA,Detroit,42.3298,-83.0401,piquet,Nelson Piquet,Brazilian,brabham,Brabham,1,piquet,Nelson Piquet,Brabham,grid,True
1984,9,1984-07-08,Dallas Grand Prix,dallas,Fair Park,USA,Dallas,32.7774,-96.7587,keke_rosberg,Keke Rosberg,Finnish,williams,Williams,8,mansell,Nigel Mansell,Team Lotus,grid,False
1984,10,1984-07-22,British Grand Prix,brands_hatch,Brands Hatch,UK,Kent,51.3569,0.263056,lauda,Niki Lauda,Austrian,mclaren,McLaren,3,piquet,Nelson Piquet,Brabham,grid,False
1984,11,1984-08-05,German Grand Prix,hockenheimring,Hockenheimring,Germany,Hockenheim,49.3278,8.56583,prost,Alain Prost,French,mclaren,McLaren,1,prost,Alain Prost,McLaren,grid,True
1984,12,1984-08-19,Austrian Grand Prix,red_bull_ring,Red Bull Ring,Austria,Spielberg,47.2197,14.7647,lauda,Niki Lauda,Austrian,mclaren,McLaren,4,piquet,Nelson Piquet,Brabham,grid,False
1984,13,1984-08-26,Dutch Grand Prix,zandvoort,Circuit Park Zandvoort,Netherlands,Zandvoort,52.3888,4.54092,prost,Alain Prost,French,mclaren,McLaren,1,prost,Alain Prost,McLaren,grid,True
1984,14,1984-09-09,Italian Grand Prix,monza,Autodromo Nazionale di Monza,Italy,Monza,45.6156,9.28111,lauda,Niki Lauda,Austrian,mclaren,McLaren,4,piquet,Nelson Piquet,Brabham,grid,False
1984,15,1984-10-07,European Grand Prix,nurburgring,Nürburgring,Germany,Nürburg,50.3356,6.9475,prost,Alain Prost,French,mclaren,McLaren,2,piquet,Nelson Piquet,Brabham,grid,False
1984,16,1984-10-21,Portuguese Grand Prix,estoril,Autódromo do Estoril,Portugal,Estoril,38.7506,-9.39417,prost,Alain Prost,French,mclaren,McLaren,2,piquet,Nelson Piquet,Brabham,grid,False
1985,1,1985-04-07,Brazilian Grand Prix,jacarepagua,Autódromo Internacional Nelson Piquet,Brazil,Rio de Janeiro,-22.9756,-43.395,prost,Alain Prost,French,mclaren,McLaren,6,alboreto,Michele Alboreto,Ferrari,grid,False
1985,2,1985-04-21,Portuguese Grand Prix,estoril,Autódromo do Estoril,Portugal,Estoril,38.7506,-9.39417,senna,Ayrton Senna,Brazilian,team_lotus,Team Lotus,1,senna,Ayrton Senna,Team Lotus,grid,True
1985,3,1985-05-05,San Marino Grand Prix,imola,Autodromo Enzo e Dino Ferrari,Italy,Imola,44.3439,11.7167,angelis,Elio de Angelis,Italian,team_lotus,Team Lotus,3,senna,Ayrton Senna,Team Lotus,grid,False
1985,4,1985-05-19,Monaco Grand Prix,monaco,Circuit de Monaco,Monaco,Monte Carlo,43.7347,7.42056,prost,Alain Prost,French,mclaren,McLaren,5,senna,Ayrton Senna,Team Lotus,grid,False
1985,5,1985-06-16,Canadian Grand Prix,villeneuve,Circuit Gilles Villeneuve,Canada,Montreal,45.5,-73.5228,alboreto,Michele Alboreto,Italian,ferrari,Ferrari,3,angelis,Elio de Angelis,Team Lotus,grid,False
1985,6,1985-06-23,Detroit Grand Prix,detroit,Detroit Street Circuit,USA,Detroit,42.3298,-83.0401,keke_rosberg,Keke Rosberg,Finnish,williams,Williams,5,senna,Ayrton Senna,Team Lotus,grid,False
1985,7,1985-07-07,French Grand Prix,ricard,Circuit Paul Ricard,France,Le Castellet,43.2506,5.79167,piquet,Nelson Piquet,Brazilian,brabham,Brabham,5,keke_rosberg,Keke Rosberg,Williams,grid,False
1985,8,1985-07-21,British Grand Prix,silverstone,Silverstone Circuit,UK,Silverstone,52.0786,-1.01694,prost,Alain Prost,French,mclaren,McLaren,3,keke_rosberg,Keke Rosberg,Williams,grid,False
1985,9,1985-08-04,German Grand Prix,nurburgring,Nürburgring,Germany,Nürburg,50.3356,6.9475,alboreto,Michele Alboreto,Italian,ferrari,Ferrari,8,fabi,Teo Fabi,Toleman,grid,False
1985,10,1985-08-18,Austrian Grand Prix,red_bull_ring,Red Bull Ring,Austria,Spielberg,47.2197,14.7647,prost,Alain Prost,French,mclaren,McLaren,1,prost,Alain Prost,McLaren,grid,True
1985,11,1985-08-25,Dutch Grand Prix,zandvoort,Circuit Park Zandvoort,Netherlands,Zandvoort,52.3888,4.54092,lauda,Niki Lauda,Austrian,mclaren,McLaren,10,piquet,Nelson Piquet,Brabham,grid,False
1985,12,1985-09-08,Italian Grand Prix,monza,Autodromo Nazionale di Monza,Italy,Monza,45.6156,9.28111,prost,Alain Prost,French,mclaren,McLaren,5,senna,Ayrton Senna,Team Lotus,grid,False
1985,13,1985-09-15,Belgian Grand Prix,spa,Circuit de Spa-Francorchamps,Belgium,Spa,50.4372,5.97139,senna,Ayrton Senna,Brazilian,team_lotus,Team Lotus,2,prost,Alain Prost,McLaren,grid,False
1985,14,1985-10-06,European Grand Prix,brands_hatch,Brands Hatch,UK,Kent,51.3569,0.263056,mansell,Nigel Mansell,British,williams,Williams,3,senna,Ayrton Senna,Team Lotus,grid,False
1985,15,1985-10-19,South African Grand Prix,kyalami,Kyalami,South Africa,Midrand,-25.9894,28.0767,mansell,Nigel Mansell,British,williams,Williams,1,mansell,Nigel Mansell,Williams,grid,True
1985,16,1985-11-03,Australian Grand Prix,adelaide,Adelaide Street Circuit,Australia,Adelaide,-34.9272,138.617,keke_rosberg,Keke Rosberg,Finnish,williams,Williams,3,senna,Ayrton Senna,Team Lotus,grid,False
1986,1,1986-03-23,Brazilian Grand Prix,jacarepagua,Autódromo Internacional Nelson Piquet,Brazil,Rio de Janeiro,-22.9756,-43.395,piquet,Nelson Piquet,Brazilian,williams,Williams,2,senna,Ayrton Senna,Team Lotus,grid,False
1986,2,1986-04-13,Spanish Grand Prix,jerez,Circuito de Jerez,Spain,Jerez de la Frontera,36.7083,-6.03417,senna,Ayrton Senna,Brazilian,team_lotus,Team Lotus,1,senna,Ayrton Senna,Team Lotus,grid,True
1986,3,1986-04-27,San Marino Grand Prix,imola,Autodromo Enzo e Dino Ferrari,Italy,Imola,44.3439,11.7167,prost,Alain Prost,French,mclaren,McLaren,4,senna,Ayrton Senna,Team Lotus,grid,False
1986,4,1986-05-11,Monaco Grand Prix,monaco,Circuit de Monaco,Monaco,Monte Carlo,43.7347,7.42056,prost,Alain Prost,French,mclaren,McLaren,1,prost,Alain Prost,McLaren,grid,True
1986,5,1986-05-25,Belgian Grand Prix,spa,Circuit de Spa-Francorchamps,Belgium,Spa,50.4372,5.97139,mansell,Nigel Mansell,British,williams,Williams,5,piquet,Nelson Piquet,Williams,grid,False
1986,6,1986-06-15,Canadian Grand Prix,villeneuve,Circuit Gilles Villeneuve,Canada,Montreal,45.5,-73.5228,mansell,Nigel Mansell,British,williams,Williams,1,mansell,Nigel Mansell,Williams,grid,True
1986,7,1986-06-22,Detroit Grand Prix,detroit,Detroit Street Circuit,USA,Detroit,42.3298,-83.0401,senna,Ayrton Senna,Brazilian,team_lotus,Team Lotus,1,senna,Ayrton Senna,Team Lotus,grid,True
1986,8,1986-07-06,French Grand Prix,ricard,Circuit Paul Ricard,France,Le Castellet,43.2506,5.79167,mansell,Nigel Mansell,British,williams,Williams,2,senna,Ayrton Senna,Team Lotus,grid,False
1986,9,1986-07-13,British Grand Prix,brands_hatch,Brands Hatch,UK,Kent,51.3569,0.263056,mansell,Nigel Mansell,British,williams,Williams,2,piquet,Nelson Piquet,Williams,grid,False
1986,10,1986-07-27,German Grand Prix,hockenheimring,Hockenheimring,Germany,Hockenheim,49.3278,8.56583,piquet,Nelson Piquet,Brazilian,williams,Williams,5,keke_rosberg,Keke Rosberg,McLaren,grid,False
1986,11,1986-08-10,Hungarian Grand Prix,hungaroring,Hungaroring,Hungary,Budapest,47.5789,19.2486,piquet,Nelson Piquet,Brazilian,williams,Williams,2,senna,Ayrton Senna,Team Lotus,grid,False
1986,12,1986-08-17,Austrian Grand Prix,red_bull_ring,Red Bull Ring,Austria,Spielberg,47.2197,14.7647,prost,Alain Prost,French,mclaren,McLaren,5,fabi,Teo Fabi,Benetton,grid,False
1986,13,1986-09-07,Italian Grand Prix,monza,Autodromo Nazionale di Monza,Italy,Monza,45.6156,9.28111,piquet,Nelson Piquet,Brazilian,williams,Williams,6,fabi,Teo Fabi,Benetton,grid,False
1986,14,1986-09-21,Portuguese Grand Prix,estoril,Autódromo do Estoril,Portugal,Estoril,38.7506,-9.39417,mansell,Nigel Mansell,British,williams,Williams,2,senna,Ayrton Senna,Team Lotus,grid,False
1986,15,1986-10-12,Mexican Grand Prix,rodriguez,Autódromo Hermanos Rodríguez,Mexico,Mexico City,19.4042,-99.0907,berger,Gerhard Berger,Austrian,benetton,Benetton,4,senna,Ayrton Senna,Team Lotus,grid,False
1986,16,1986-10-26,Australian Grand Prix,adelaide,Adelaide Street Circuit,Australia,Adelaide,-34.9272,138.617,prost,Alain Prost,French,mclaren,McLaren,4,mansell,Nigel Mansell,Williams,grid,False
1987,1,1987-04-12,Brazilian Grand Prix,jacarepagua,Autódromo Internacional Nelson Piquet,Brazil,Rio de Janeiro,-22.9756,-43.395,prost,Alain Prost,French,mclaren,McLaren,5,mansell,Nigel Mansell,Williams,grid,False
1987,2,1987-05-03,San Marino Grand Prix,imola,Autodromo Enzo e Dino Ferrari,Italy,Imola,44.3439,11.7167,mansell,Nigel Mansell,British,williams,Williams,2,senna,Ayrton Senna,Team Lotus,grid,False
1987,3,1987-05-17,Belgian Grand Prix,spa,Circuit de Spa-Francorchamps,Belgium,Spa,50.4372,5.97139,prost,Alain Prost,French,mclaren,McLaren,6,mansell,Nigel Mansell,Williams,grid,False
1987,4,1987-05-31,Monaco Grand Prix,monaco,Circuit de Monaco,Monaco,Monte Carlo,43.7347,7.42056,senna,Ayrton Senna,Brazilian,team_lotus,Team Lotus,2,mansell,Nigel Mansell,Williams,grid,False
1987,5,1987-06-21,Detroit Grand Prix,detroit,Detroit Street Circuit,USA,Detroit,42.3298,-83.0401,senna,Ayrton Senna,Brazilian,team_lotus,Team Lotus,2,mansell,Nigel Mansell,Williams,grid,False
1987,6,1987-07-05,French Grand Prix,ricard,Circuit Paul Ricard,France,Le Castellet,43.2506,5.79167,mansell,Nigel Mansell,British,williams,Williams,1,mansell,Nigel Mansell,Williams,grid,True
1987,7,1987-07-12,British Grand Prix,silverstone,Silverstone Circuit,UK,Silverstone,52.0786,-1.01694,mansell,Nigel Mansell,British,williams,Williams,2,piquet,Nelson Piquet,Williams,grid,False
1987,8,1987-07-26,German Grand Prix,hockenheimring,Hockenheimring,Germany,Hockenheim,49.3278,8.56583,piquet,Nelson Piquet,Brazilian,williams,Williams,4,mansell,Nigel Mansell,Williams,grid,False
1987,9,1987-08-09,Hungarian Grand Prix,hungaroring,Hungaroring,Hungary,Budapest,47.5789,19.2486,piquet,Nelson Piquet,Brazilian,williams,Williams,3,mansell,Nigel Mansell,Williams,grid,False
1987,10,1987-08-16,Austrian Grand Prix,red_bull_ring,Red Bull Ring,Austria,Spielberg,47.2197,14.7647,mansell,Nigel Mansell,British,williams,Williams,2,piquet,Nelson Piquet,Williams,grid,False
1987,11,1987-09-06,Italian Grand Prix,monza,Autodromo Nazionale di Monza,Italy,Monza,45.6156,9.28111,piquet,Nelson Piquet,Brazilian,williams,Williams,1,piquet,Nelson Piquet,Williams,grid,True
1987,12,1987-09-20,Portuguese Grand Prix,estoril,Autódromo do Estoril,Portugal,Estoril,38.7506,-9.39417,prost,Alain Prost,French,mclaren,McLaren,3,berger,Gerhard Berger,Ferrari,grid,False
1987,13,1987-09-27,Spanish Grand Prix,jerez,Circuito de Jerez,Spain,Jerez de la Frontera,36.7083,-6.03417,mansell,Nigel Mansell,British,williams,Williams,2,piquet,Nelson Piquet,Williams,grid,False
1987,14,1987-10-18,Mexican Grand Prix,rodriguez,Autódromo Hermanos Rodríguez,Mexico,Mexico City,19.4042,-99.0907,mansell,Nigel Mansell,British,williams,Williams,1,mansell,Nigel Mansell,Williams,grid,True
1987,15,1987-11-01,Japanese Grand Prix,suzuka,Suzuka Circuit,Japan,Suzuka,34.8431,136.541,berger,Gerhard Berger,Austrian,ferrari,Ferrari,1,berger,Gerhard Berger,Ferrari,grid,True
1987,16,1987-11-15,Australian Grand Prix,adelaide,Adelaide Street Circuit,Australia,Adelaide,-34.9272,138.617,berger,Gerhard Berger,Austrian,ferrari,Ferrari,1,berger,Gerhard Berger,Ferrari,grid,True
1988,1,1988-04-03,Brazilian Grand Prix,jacarepagua,Autódromo Internacional Nelson Piquet,Brazil,Rio de Janeiro,-22.9756,-43.395,prost,Alain Prost,French,mclaren,McLaren,3,senna,Ayrton Senna,McLaren,grid,False
1988,2,1988-05-01,San Marino Grand Prix,imola,Autodromo Enzo e Dino Ferrari,Italy,Imola,44.3439,11.7167,senna,Ayrton Senna,Brazilian,mclaren,McLaren,1,senna,Ayrton Senna,McLaren,grid,True
1988,3,1988-05-15,Monaco Grand Prix,monaco,Circuit de Monaco,Monaco,Monte Carlo,43.7347,7.42056,prost,Alain Prost,French,mclaren,McLaren,2,senna,Ayrton Senna,McLaren,grid,False
1988,4,1988-05-29,Mexican Grand Prix,rodriguez,Autódromo Hermanos Rodríguez,Mexico,Mexico City,19.4042,-99.0907,prost,Alain Prost,French,mclaren,McLaren,2,senna,Ayrton Senna,McLaren,grid,False
1988,5,1988-06-12,Canadian Grand Prix,villeneuve,Circuit Gilles Villeneuve,Canada,Montreal,45.5,-73.5228,senna,Ayrton Senna,Brazilian,mclaren,McLaren,1,senna,Ayrton Senna,McLaren,grid,True
1988,6,1988-06-19,Detroit Grand Prix,detroit,Detroit Street Circuit,USA,Detroit,42.3298,-83.0401,senna,Ayrton Senna,Brazilian,mclaren,McLaren,1,senna,Ayrton Senna,McLaren,grid,True
1988,7,1988-07-03,French Grand Prix,ricard,Circuit Paul Ricard,France,Le Castellet,43.2506,5.79167,prost,Alain Prost,French,mclaren,McLaren,1,prost,Alain Prost,McLaren,grid,True
1988,8,1988-07-10,British Grand Prix,silverstone,Silverstone Circuit,UK,Silverstone,52.0786,-1.01694,senna,Ayrton Senna,Brazilian,mclaren,McLaren,3,berger,Gerhard Berger,Ferrari,grid,False
1988,9,1988-07-24,German Grand Prix,hockenheimring,Hockenheimring,Germany,Hockenheim,49.3278,8.56583,senna,Ayrton Senna,Brazilian,mclaren,McLaren,1,senna,Ayrton Senna,McLaren,grid,True
1988,10,1988-08-07,Hungarian Grand Prix,hungaroring,Hungaroring,Hungary,Budapest,47.5789,19.2486,senna,Ayrton Senna,Brazilian,mclaren,McLaren,1,senna,Ayrton Senna,McLaren,grid,True
1988,11,1988-08-28,Belgian Grand Prix,spa,Circuit de Spa-Francorchamps,Belgium,Spa,50.4372,5.97139,senna,Ayrton Senna,Brazilian,mclaren,McLaren,1,senna,Ayrton Senna,McLaren,grid,True
1988,12,1988-09-11,Italian Grand Prix,monza,Autodromo Nazionale di Monza,Italy,Monza,45.6156,9.28111,berger,Gerhard Berger,Austrian,ferrari,Ferrari,3,senna,Ayrton Senna,McLaren,grid,False
1988,13,1988-09-25,Portuguese Grand Prix,estoril,Autódromo do Estoril,Portugal,Estoril,38.7506,-9.39417,prost,Alain Prost,French,mclaren,McLaren,1,prost,Alain Prost,McLaren,grid,True
1988,14,1988-10-02,Spanish Grand Prix,jerez,Circuito de Jerez,Spain,Jerez de la Frontera,36.7083,-6.03417,prost,Alain Prost,French,mclaren,McLaren,2,senna,Ayrton Senna,McLaren,grid,False
1988,15,1988-10-30,Japanese Grand Prix,suzuka,Suzuka Circuit,Japan,Suzuka,34.8431,136.541,senna,Ayrton Senna,Brazilian,mclaren,McLaren,1,senna,Ayrton Senna,McLaren,grid,True
1988,16,1988-11-13,Australian Grand Prix,adelaide,Adelaide Street Circuit,Australia,Adelaide,-34.9272,138.617,prost,Alain Prost,French,mclaren,McLaren,2,senna,Ayrton Senna,McLaren,grid,False
1989,1,1989-03-26,Brazilian Grand Prix,jacarepagua,Autódromo Internacional Nelson Piquet,Brazil,Rio de Janeiro,-22.9756,-43.395,mansell,Nigel Mansell,British,ferrari,Ferrari,6,senna,Ayrton Senna,McLaren,grid,False
1989,2,1989-04-23,San Marino Grand Prix,imola,Autodromo Enzo e Dino Ferrari,Italy,Imola,44.3439,11.7167,senna,Ayrton Senna,Brazilian,mclaren,McLaren,1,senna,Ayrton Senna,McLaren,grid,True
1989,3,1989-05-07,Monaco Grand Prix,monaco,Circuit de Monaco,Monaco,Monte Carlo,43.7347,7.42056,senna,Ayrton Senna,Brazilian,mclaren,McLaren,1,senna,Ayrton Senna,McLaren,grid,True
1989,4,1989-05-28,Mexican Grand Prix,rodriguez,Autódromo Hermanos Rodríguez,Mexico,Mexico City,19.4042,-99.0907,senna,Ayrton Senna,Brazilian,mclaren,McLaren,1,senna,Ayrton Senna,McLaren,grid,True
1989,5,1989-06-04,United States Grand Prix,phoenix,Phoenix street circuit,USA,Phoenix,33.4479,-112.075,prost,Alain Prost,French,mclaren,McLaren,2,senna,Ayrton Senna,McLaren,grid,False
1989,6,1989-06-18,Canadian Grand Prix,villeneuve,Circuit Gilles Villeneuve,Canada,Montreal,45.5,-73.5228,boutsen,Thierry Boutsen,Belgian,williams,Williams,6,prost,Alain Prost,McLaren,grid,False
1989,7,1989-07-09,French Grand Prix,ricard,Circuit Paul Ricard,France,Le Castellet,43.2506,5.79167,prost,Alain Prost,French,mclaren,McLaren,1,prost,Alain Prost,McLaren,grid,True
1989,8,1989-07-16,British Grand Prix,silverstone,Silverstone Circuit,UK,Silverstone,52.0786,-1.01694,prost,Alain Prost,French,mclaren,McLaren,2,senna,Ayrton Senna,McLaren,grid,False
1989,9,1989-07-30,German Grand Prix,hockenheimring,Hockenheimring,Germany,Hockenheim,49.3278,8.56583,senna,Ayrton Senna,Brazilian,mclaren,McLaren,1,senna,Ayrton Senna,McLaren,grid,True
1989,10,1989-08-13,Hungarian Grand Prix,hungaroring,Hungaroring,Hungary,Budapest,47.5789,19.2486,mansell,Nigel Mansell,British,ferrari,Ferrari,12,patrese,Riccardo Patrese,Williams,grid,False
1989,11,1989-08-27,Belgian Grand Prix,spa,Circuit de Spa-Francorchamps,Belgium,Spa,50.4372,5.97139,senna,Ayrton Senna,Brazilian,mclaren,McLaren,1,senna,Ayrton Senna,McLaren,grid,True
1989,12,1989-09-10,Italian Grand Prix,monza,Autodromo Nazionale di Monza,Italy,Monza,45.6156,9.28111,prost,Alain Prost,French,mclaren,McLaren,4,senna,Ayrton Senna,McLaren,grid,False
1989,13,1989-09-24,Portuguese Grand Prix,estoril,Autódromo do Estoril,Portugal,Estoril,38.7506,-9.39417,berger,Gerhard Berger,Austrian,ferrari,Ferrari,2,senna,Ayrton Senna,McLaren,grid,False
1989,14,1989-10-01,Spanish Grand Prix,jerez,Circuito de Jerez,Spain,Jerez de la Frontera,36.7083,-6.03417,senna,Ayrton Senna,Brazilian,mclaren,McLaren,1,senna,Ayrton Senna,McLaren,grid,True
1989,15,1989-10-22,Japanese Grand Prix,suzuka,Suzuka Circuit,Japan,Suzuka,34.8431,136.541,nannini,Alessandro Nannini,Italian,benetton,Benetton,6,senna,Ayrton Senna,McLaren,grid,False
1989,16,1989-11-05,Australian Grand Prix,adelaide,Adelaide Street Circuit,Australia,Adelaide,-34.9272,138.617,boutsen,Thierry Boutsen,Belgian,williams,Williams,5,senna,Ayrton Senna,McLaren,grid,False
1990,1,1990-03-11,United States Grand Prix,phoenix,Phoenix street circuit,USA,Phoenix,33.4479,-112.075,senna,Ayrton Senna,Brazilian,mclaren,McLaren,5,berger,Gerhard Berger,McLaren,grid,False
1990,2,1990-03-25,Brazilian Grand Prix,interlagos,Autódromo José Carlos Pace,Brazil,São Paulo,-23.7036,-46.6997,prost,Alain Prost,French,ferrari,Ferrari,6,senna,Ayrton Senna,McLaren,grid,False
1990,3,1990-05-13,San Marino Grand Prix,imola,Autodromo Enzo e Dino Ferrari,Italy,Imola,44.3439,11.7167,patrese,Riccardo Patrese,Italian,williams,Williams,3,senna,Ayrton Senna,McLaren,grid,False
1990,4,1990-05-27,Monaco Grand Prix,monaco,Circuit de Monaco,Monaco,Monte Carlo,43.7347,7.42056,senna,Ayrton Senna,Brazilian,mclaren,McLaren,1,senna,Ayrton Senna,McLaren,grid,True
1990,5,1990-06-10,Canadian Grand Prix,villeneuve,Circuit Gilles Villeneuve,Canada,Montreal,45.5,-73.5228,senna,Ayrton Senna,Brazilian,mclaren,McLaren,1,senna,Ayrton Senna,McLaren,grid,True
1990,6,1990-06-24,Mexican Grand Prix,rodriguez,Autódromo Hermanos Rodríguez,Mexico,Mexico City,19.4042,-99.0907,prost,Alain Prost,French,ferrari,Ferrari,13,berger,Gerhard Berger,McLaren,grid,False
1990,7,1990-07-08,French Grand Prix,ricard,Circuit Paul Ricard,France,Le Castellet,43.2506,5.79167,prost,Alain Prost,French,ferrari,Ferrari,4,mansell,Nigel Mansell,Ferrari,grid,False
1990,8,1990-07-15,British Grand Prix,silverstone,Silverstone Circuit,UK,Silverstone,52.0786,-1.01694,prost,Alain Prost,French,ferrari,Ferrari,5,mansell,Nigel Mansell,Ferrari,grid,False
1990,9,1990-07-29,German Grand Prix,hockenheimring,Hockenheimring,Germany,Hockenheim,49.3278,8.56583,senna,Ayrton Senna,Brazilian,mclaren,McLaren,1,senna,Ayrton Senna,McLaren,grid,True
1990,10,1990-08-12,Hungarian Grand Prix,hungaroring,Hungaroring,Hungary,Budapest,47.5789,19.2486,boutsen,Thierry Boutsen,Belgian,williams,Williams,1,boutsen,Thierry Boutsen,Williams,grid,True
1990,11,1990-08-26,Belgian Grand Prix,spa,Circuit de Spa-Francorchamps,Belgium,Spa,50.4372,5.97139,senna,Ayrton Senna,Brazilian,mclaren,McLaren,1,senna,Ayrton Senna,McLaren,grid,True
1990,12,1990-09-09,Italian Grand Prix,monza,Autodromo Nazionale di Monza,Italy,Monza,45.6156,9.28111,senna,Ayrton Senna,Brazilian,mclaren,McLaren,1,senna,Ayrton Senna,McLaren,grid,True
1990,13,1990-09-23,Portuguese Grand Prix,estoril,Autódromo do Estoril,Portugal,Estoril,38.7506,-9.39417,mansell,Nigel Mansell,British,ferrari,Ferrari,1,mansell,Nigel Mansell,Ferrari,grid,True
1990,14,1990-09-30,Spanish Grand Prix,jerez,Circuito de Jerez,Spain,Jerez de la Frontera,36.7083,-6.03417,prost,Alain Prost,French,ferrari,Ferrari,2,senna,Ayrton Senna,McLaren,grid,False
1990,15,1990-10-21,Japanese Grand Prix,suzuka,Suzuka Circuit,Japan,Suzuka,34.8431,136.541,piquet,Nelson Piquet,Brazilian,benetton,Benetton,6,senna,Ayrton Senna,McLaren,grid,False
1990,16,1990-11-04,Australian Grand Prix,adelaide,Adelaide Street Circuit,Australia,Adelaide,-34.9272,138.617,piquet,Nelson Piquet,Brazilian,benetton,Benetton,7,senna,Ayrton Senna,McLaren,grid,False
1991,1,1991-03-10,United States Grand Prix,phoenix,Phoenix street circuit,USA,Phoenix,33.4479,-112.075,senna,Ayrton Senna,Brazilian,mclaren,McLaren,1,senna,Ayrton Senna,McLaren,grid,True
1991,2,1991-03-24,Brazilian Grand Prix,interlagos,Autódromo José Carlos Pace,Brazil,São Paulo,-23.7036,-46.6997,senna,Ayrton Senna,Brazilian,mclaren,McLaren,1,senna,Ayrton Senna,McLaren,grid,True
1991,3,1991-04-28,San Marino Grand Prix,imola,Autodromo Enzo e Dino Ferrari,Italy,Imola,44.3439,11.7167,senna,Ayrton Senna,Brazilian,mclaren,McLaren,1,senna,Ayrton Senna,McLaren,grid,True
1991,4,1991-05-12,Monaco Grand Prix,monaco,Circuit de Monaco,Monaco,Monte Carlo,43.7347,7.42056,senna,Ayrton Senna,Brazilian,mclaren,McLaren,1,senna,Ayrton Senna,McLaren,grid,True
1991,5,1991-06-02,Canadian Grand Prix,villeneuve,Circuit Gilles Villeneuve,Canada,Montreal,45.5,-73.5228,piquet,Nelson Piquet,Brazilian,benetton,Benetton,8,patrese,Riccardo Patrese,Williams,grid,False
1991,6,1991-06-16,Mexican Grand Prix,rodriguez,Autódromo Hermanos Rodríguez,Mexico,Mexico City,19.4042,-99.0907,patrese,Riccardo Patrese,Italian,williams,Williams,1,patrese,Riccardo Patrese,Williams,grid,True
1991,7,1991-07-07,French Grand Prix,magny_cours,Circuit de Nevers Magny-Cours,France,Magny Cours,46.8642,3.16361,mansell,Nigel Mansell,British,williams,Williams,4,patrese,Riccardo Patrese,Williams,grid,False
1991,8,1991-07-14,British Grand Prix,silverstone,Silverstone Circuit,UK,Silverstone,52.0786,-1.01694,mansell,Nigel Mansell,British,williams,Williams,1,mansell,Nigel Mansell,Williams,grid,True
1991,9,1991-07-28,German Grand Prix,hockenheimring,Hockenheimring,Germany,Hockenheim,49.3278,8.56583,mansell,Nigel Mansell,British,williams,Williams,1,mansell,Nigel Mansell,Williams,grid,True
1991,10,1991-08-11,Hungarian Grand Prix,hungaroring,Hungaroring,Hungary,Budapest,47.5789,19.2486,senna,Ayrton Senna,Brazilian,mclaren,McLaren,1,senna,Ayrton Senna,McLaren,grid,True
1991,11,1991-08-25,Belgian Grand Prix,spa,Circuit de Spa-Francorchamps,Belgium,Spa,50.4372,5.97139,senna,Ayrton Senna,Brazilian,mclaren,McLaren,1,senna,Ayrton Senna,McLaren,grid,True
1991,12,1991-09-08,Italian Grand Prix,monza,Autodromo Nazionale di Monza,Italy,Monza,45.6156,9.28111,mansell,Nigel Mansell,British,williams,Williams,2,senna,Ayrton Senna,McLaren,grid,False
1991,13,1991-09-22,Portuguese Grand Prix,estoril,Autódromo do Estoril,Portugal,Estoril,38.7506,-9.39417,patrese,Riccardo Patrese,Italian,williams,Williams,1,patrese,Riccardo Patrese,Williams,grid,True
1991,14,1991-09-29,Spanish Grand Prix,catalunya,Circuit de Barcelona-Catalunya,Spain,Barcelona,41.57,2.26111,mansell,Nigel Mansell,British,williams,Williams,2,berger,Gerhard Berger,McLaren,grid,False
1991,15,1991-10-20,Japanese Grand Prix,suzuka,Suzuka Circuit,Japan,Suzuka,34.8431,136.541,berger,Gerhard Berger,Austrian,mclaren,McLaren,1,berger,Gerhard Berger,McLaren,grid,True
1991,16,1991-11-03,Australian Grand Prix,adelaide,Adelaide Street Circuit,Australia,Adelaide,-34.9272,138.617,senna,Ayrton Senna,Brazilian,mclaren,McLaren,1,senna,Ayrton Senna,McLaren,grid,True
1992,1,1992-03-01,South African Grand Prix,kyalami,Kyalami,South Africa,Midrand,-25.9894,28.0767,mansell,Nigel Mansell,British,williams,Williams,1,mansell,Nigel Mansell,Williams,grid,True
1992,2,1992-03-22,Mexican Grand Prix,rodriguez,Autódromo Hermanos Rodríguez,Mexico,Mexico City,19.4042,-99.0907,mansell,Nigel Mansell,British,williams,Williams,1,mansell,Nigel Mansell,Williams,grid,True
1992,3,1992-04-05,Brazilian Grand Prix,interlagos,Autódromo José Carlos Pace,Brazil,São Paulo,-23.7036,-46.6997,mansell,Nigel Mansell,British,williams,Williams,1,mansell,Nigel Mansell,Williams,grid,True
1992,4,1992-05-03,Spanish Grand Prix,catalunya,Circuit de Barcelona-Catalunya,Spain,Barcelona,41.57,2.26111,mansell,Nigel Mansell,British,williams,Williams,1,mansell,Nigel Mansell,Williams,grid,True
1992,5,1992-05-17,San Marino Grand Prix,imola,Autodromo Enzo e Dino Ferrari,Italy,Imola,44.3439,11.7167,mansell,Nigel Mansell,British,williams,Williams,1,mansell,Nigel Mansell,Williams,grid,True
1992,6,1992-05-31,Monaco Grand Prix,monaco,Circuit de Monaco,Monaco,Monte Carlo,43.7347,7.42056,senna,Ayrton Senna,Brazilian,mclaren,McLaren,3,mansell,Nigel Mansell,Williams,grid,False
1992,7,1992-06-14,Canadian Grand Prix,villeneuve,Circuit Gilles Villeneuve,Canada,Montreal,45.5,-73.5228,berger,Gerhard Berger,Austrian,mclaren,McLaren,4,senna,Ayrton Senna,McLaren,grid,False
1992,8,1992-07-05,French Grand Prix,magny_cours,Circuit de Nevers Magny-Cours,France,Magny Cours,46.8642,3.16361,mansell,Nigel Mansell,British,williams,Williams,1,mansell,Nigel Mansell,Williams,grid,True
1992,9,1992-07-12,British Grand Prix,silverstone,Silverstone Circuit,UK,Silverstone,52.0786,-1.01694,mansell,Nigel Mansell,British,williams,Williams,1,mansell,Nigel Mansell,Williams,grid,True
1992,10,1992-07-26,German Grand Prix,hockenheimring,Hockenheimring,Germany,Hockenheim,49.3278,8.56583,mansell,Nigel Mansell,British,williams,Williams,1,mansell,Nigel Mansell,Williams,grid,True
1992,11,1992-08-16,Hungarian Grand Prix,hungaroring,Hungaroring,Hungary,Budapest,47.5789,19.2486,senna,Ayrton Senna,Brazilian,mclaren,McLaren,3,patrese,Riccardo Patrese,Williams,grid,False
1992,12,1992-08-30,Belgian Grand Prix,spa,Circuit de Spa-Francorchamps,Belgium,Spa,50.4372,5.97139,michael_schumacher,Michael Schumacher,German,benetton,Benetton,3,mansell,Nigel Mansell,Williams,grid,False
1992,13,1992-09-13,Italian Grand Prix,monza,Autodromo Nazionale di Monza,Italy,Monza,45.6156,9.28111,senna,Ayrton Senna,Brazilian,mclaren,McLaren,2,mansell,Nigel Mansell,Williams,grid,False
1992,14,1992-09-27,Portuguese Grand Prix,estoril,Autódromo do Estoril,Portugal,Estoril,38.7506,-9.39417,mansell,Nigel Mansell,British,williams,Williams,1,mansell,Nigel Mansell,Williams,grid,True
1992,15,1992-10-25,Japanese Grand Prix,suzuka,Suzuka Circuit,Japan,Suzuka,34.8431,136.541,patrese,Riccardo Patrese,Italian,williams,Williams,2,mansell,Nigel Mansell,Williams,grid,False
1992,16,1992-11-08,Australian Grand Prix,adelaide,Adelaide Street Circuit,Australia,Adelaide,-34.9272,138.617,berger,Gerhard Berger,Austrian,mclaren,McLaren,4,mansell,Nigel Mansell,Williams,grid,False
1993,1,1993-03-14,South African Grand Prix,kyalami,Kyalami,South Africa,Midrand,-25.9894,28.0767,prost,Alain Prost,French,williams,Williams,1,prost,Alain Prost,Williams,grid,True
1993,2,1993-03-28,Brazilian Grand Prix,interlagos,Autódromo José Carlos Pace,Brazil,São Paulo,-23.7036,-46.6997,senna,Ayrton Senna,Brazilian,mclaren,McLaren,3,prost,Alain Prost,Williams,grid,False
1993,3,1993-04-11,European Grand Prix,donington,Donington Park,UK,Castle Donington,52.8306,-1.37528,senna,Ayrton Senna,Brazilian,mclaren,McLaren,4,prost,Alain Prost,Williams,grid,False
1993,4,1993-04-25,San Marino Grand Prix,imola,Autodromo Enzo e Dino Ferrari,Italy,Imola,44.3439,11.7167,prost,Alain Prost,French,williams,Williams,1,prost,Alain Prost,Williams,grid,True
1993,5,1993-05-09,Spanish Grand Prix,catalunya,Circuit de Barcelona-Catalunya,Spain,Barcelona,41.57,2.26111,prost,Alain Prost,French,williams,Williams,1,prost,Alain Prost,Williams,grid,True
1993,6,1993-05-23,Monaco Grand Prix,monaco,Circuit de Monaco,Monaco,Monte Carlo,43.7347,7.42056,senna,Ayrton Senna,Brazilian,mclaren,McLaren,3,prost,Alain Prost,Williams,grid,False
1993,7,1993-06-13,Canadian Grand Prix,villeneuve,Circuit Gilles Villeneuve,Canada,Montreal,45.5,-73.5228,prost,Alain Prost,French,williams,Williams,1,prost,Alain Prost,Williams,grid,True
1993,8,1993-07-04,French Grand Prix,magny_cours,Circuit de Nevers Magny-Cours,France,Magny Cours,46.8642,3.16361,prost,Alain Prost,French,williams,Williams,2,damon_hill,Damon Hill,Williams,grid,False
1993,9,1993-07-11,British Grand Prix,silverstone,Silverstone Circuit,UK,Silverstone,52.0786,-1.01694,prost,Alain Prost,French,williams,Williams,1,prost,Alain Prost,Williams,grid,True
1993,10,1993-07-25,German Grand Prix,hockenheimring,Hockenheimring,Germany,Hockenheim,49.3278,8.56583,prost,Alain Prost,French,williams,Williams,1,prost,Alain Prost,Williams,grid,True
1993,11,1993-08-15,Hungarian Grand Prix,hungaroring,Hungaroring,Hungary,Budapest,47.5789,19.2486,damon_hill,Damon Hill,British,williams,Williams,2,prost,Alain Prost,Williams,grid,False
1993,12,1993-08-29,Belgian Grand Prix,spa,Circuit de Spa-Francorchamps,Belgium,Spa,50.4372,5.97139,damon_hill,Damon Hill,British,williams,Williams,2,prost,Alain Prost,Williams,grid,False
1993,13,1993-09-12,Italian Grand Prix,monza,Autodromo Nazionale di Monza,Italy,Monza,45.6156,9.28111,damon_hill,Damon Hill,British,williams,Williams,2,prost,Alain Prost,Williams,grid,False
1993,14,1993-09-26,Portuguese Grand Prix,estoril,Autódromo do Estoril,Portugal,Estoril,38.7506,-9.39417,michael_schumacher,Michael Schumacher,German,benetton,Benetton,6,damon_hill,Damon Hill,Williams,grid,False
1993,15,1993-10-24,Japanese Grand Prix,suzuka,Suzuka Circuit,Japan,Suzuka,34.8431,136.541,senna,Ayrton Senna,Brazilian,mclaren,McLaren,2,prost,Alain Prost,Williams,grid,False
1993,16,1993-11-07,Australian Grand Prix,adelaide,Adelaide Street Circuit,Australia,Adelaide,-34.9272,138.617,senna,Ayrton Senna,Brazilian,mclaren,McLaren,1,senna,Ayrton Senna,McLaren,grid,True
1994,1,1994-03-27,Brazilian Grand Prix,interlagos,Autódromo José Carlos Pace,Brazil,São Paulo,-23.7036,-46.6997,michael_schumacher,Michael Schumacher,German,benetton,Benetton,2,senna,Ayrton Senna,Williams,qualifying,False
1994,2,1994-04-17,Pacific Grand Prix,okayama,Okayama International Circuit,Japan,Okayama,34.915,134.221,michael_schumacher,Michael Schumacher,German,benetton,Benetton,2,senna,Ayrton Senna,Williams,qualifying,False
1994,3,1994-05-01,San Marino Grand Prix,imola,Autodromo Enzo e Dino Ferrari,Italy,Imola,44.3439,11.7167,michael_schumacher,Michael Schumacher,German,benetton,Benetton,2,senna,Ayrton Senna,Williams,qualifying,False
1994,4,1994-05-15,Monaco Grand Prix,monaco,Circuit de Monaco,Monaco,Monte Carlo,43.7347,7.42056,michael_schumacher,Michael Schumacher,German,benetton,Benetton,1,michael_schumacher,Michael Schumacher,Benetton,grid,True
1994,5,1994-05-29,Spanish Grand Prix,catalunya,Circuit de Barcelona-Catalunya,Spain,Barcelona,41.57,2.26111,damon_hill,Damon Hill,British,williams,Williams,2,michael_schumacher,Michael Schumacher,Benetton,qualifying,False
1994,6,1994-06-12,Canadian Grand Prix,villeneuve,Circuit Gilles Villeneuve,Canada,Montreal,45.5,-73.5228,michael_schumacher,Michael Schumacher,German,benetton,Benetton,1,michael_schumacher,Michael Schumacher,Benetton,qualifying,True
1994,7,1994-07-03,French Grand Prix,magny_cours,Circuit de Nevers Magny-Cours,France,Magny Cours,46.8642,3.16361,michael_schumacher,Michael Schumacher,German,benetton,Benetton,3,damon_hill,Damon Hill,Williams,qualifying,False
1994,8,1994-07-10,British Grand Prix,silverstone,Silverstone Circuit,UK,Silverstone,52.0786,-1.01694,damon_hill,Damon Hill,British,williams,Williams,1,damon_hill,Damon Hill,Williams,qualifying,True
1994,9,1994-07-31,German Grand Prix,hockenheimring,Hockenheimring,Germany,Hockenheim,49.3278,8.56583,berger,Gerhard Berger,Austrian,ferrari,Ferrari,1,berger,Gerhard Berger,Ferrari,qualifying,True
1994,10,1994-08-14,Hungarian Grand Prix,hungaroring,Hungaroring,Hungary,Budapest,47.5789,19.2486,michael_schumacher,Michael Schumacher,German,benetton,Benetton,1,michael_schumacher,Michael Schumacher,Benetton,qualifying,True
1994,11,1994-08-28,Belgian Grand Prix,spa,Circuit de Spa-Francorchamps,Belgium,Spa,50.4372,5.97139,damon_hill,Damon Hill,British,williams,Williams,3,barrichello,Rubens Barrichello,Jordan,qualifying,False
1994,12,1994-09-11,Italian Grand Prix,monza,Autodromo Nazionale di Monza,Italy,Monza,45.6156,9.28111,damon_hill,Damon Hill,British,williams,Williams,3,alesi,Jean Alesi,Ferrari,qualifying,False
1994,13,1994-09-25,Portuguese Grand Prix,estoril,Autódromo do Estoril,Portugal,Estoril,38.7506,-9.39417,damon_hill,Damon Hill,British,williams,Williams,2,berger,Gerhard Berger,Ferrari,qualifying,False
1994,14,1994-10-16,European Grand Prix,jerez,Circuito de Jerez,Spain,Jerez de la Frontera,36.7083,-6.03417,michael_schumacher,Michael Schumacher,German,benetton,Benetton,1,michael_schumacher,Michael Schumacher,Benetton,qualifying,True
1994,15,1994-11-06,Japanese Grand Prix,suzuka,Suzuka Circuit,Japan,Suzuka,34.8431,136.541,damon_hill,Damon Hill,British,williams,Williams,2,michael_schumacher,Michael Schumacher,Benetton,qualifying,False
1994,16,1994-11-13,Australian Grand Prix,adelaide,Adelaide Street Circuit,Australia,Adelaide,-34.9272,138.617,mansell,Nigel Mansell,British,williams,Williams,1,mansell,Nigel Mansell,Williams,qualifying,True
1995,1,1995-03-26,Brazilian Grand Prix,interlagos,Autódromo José Carlos Pace,Brazil,São Paulo,-23.7036,-46.6997,michael_schumacher,Michael Schumacher,German,benetton,Benetton,2,damon_hill,Damon Hill,Williams,qualifying,False
1995,2,1995-04-09,Argentine Grand Prix,galvez,Autódromo Juan y Oscar Gálvez,Argentina,Buenos Aires,-34.6943,-58.4593,damon_hill,Damon Hill,British,williams,Williams,2,coulthard,David Coulthard,Williams,qualifying,False
1995,3,1995-04-30,San Marino Grand Prix,imola,Autodromo Enzo e Dino Ferrari,Italy,Imola,44.3439,11.7167,damon_hill,Damon Hill,British,williams,Williams,4,michael_schumacher,Michael Schumacher,Benetton,qualifying,False
1995,4,1995-05-14,Spanish Grand Prix,catalunya,Circuit de Barcelona-Catalunya,Spain,Barcelona,41.57,2.26111,michael_schumacher,Michael Schumacher,German,benetton,Benetton,1,michael_schumacher,Michael Schumacher,Benetton,qualifying,True
1995,5,1995-05-28,Monaco Grand Prix,monaco,Circuit de Monaco,Monaco,Monte Carlo,43.7347,7.42056,michael_schumacher,Michael Schumacher,German,benetton,Benetton,2,damon_hill,Damon Hill,Williams,qualifying,False
1995,6,1995-06-11,Canadian Grand Prix,villeneuve,Circuit Gilles Villeneuve,Canada,Montreal,45.5,-73.5228,alesi,Jean Alesi,French,ferrari,Ferrari,5,michael_schumacher,Michael Schumacher,Benetton,qualifying,False
1995,7,1995-07-02,French Grand Prix,magny_cours,Circuit de Nevers Magny-Cours,France,Magny Cours,46.8642,3.16361,michael_schumacher,Michael Schumacher,German,benetton,Benetton,2,damon_hill,Damon Hill,Williams,qualifying,False
1995,8,1995-07-16,British Grand Prix,silverstone,Silverstone Circuit,UK,Silverstone,52.0786,-1.01694,herbert,Johnny Herbert,British,benetton,Benetton,5,damon_hill,Damon Hill,Williams,qualifying,False
1995,9,1995-07-30,German Grand Prix,hockenheimring,Hockenheimring,Germany,Hockenheim,49.3278,8.56583,michael_schumacher,Michael Schumacher,German,benetton,Benetton,2,damon_hill,Damon Hill,Williams,qualifying,False
1995,10,1995-08-13,Hungarian Grand Prix,hungaroring,Hungaroring,Hungary,Budapest,47.5789,19.2486,damon_hill,Damon Hill,British,williams,Williams,1,damon_hill,Damon Hill,Williams,qualifying,True
1995,11,1995-08-27,Belgian Grand Prix,spa,Circuit de Spa-Francorchamps,Belgium,Spa,50.4372,5.97139,michael_schumacher,Michael Schumacher,German,benetton,Benetton,16,berger,Gerhard Berger,Ferrari,qualifying,False
1995,12,1995-09-10,Italian Grand Prix,monza,Autodromo Nazionale di Monza,Italy,Monza,45.6156,9.28111,herbert,Johnny Herbert,British,benetton,Benetton,8,coulthard,David Coulthard,Williams,qualifying,False
1995,13,1995-09-24,Portuguese Grand Prix,estoril,Autódromo do Estoril,Portugal,Estoril,38.7506,-9.39417,coulthard,David Coulthard,British,williams,Williams,1,coulthard,David Coulthard,Williams,qualifying,True
1995,14,1995-10-01,European Grand Prix,nurburgring,Nürburgring,Germany,Nürburg,50.3356,6.9475,michael_schumacher,Michael Schumacher,German,benetton,Benetton,3,coulthard,David Coulthard,Williams,qualifying,False
1995,15,1995-10-22,Pacific Grand Prix,okayama,Okayama International Circuit,Japan,Okayama,34.915,134.221,michael_schumacher,Michael Schumacher,German,benetton,Benetton,3,coulthard,David Coulthard,Williams,qualifying,False
1995,16,1995-10-29,Japanese Grand Prix,suzuka,Suzuka Circuit,Japan,Suzuka,34.8431,136.541,michael_schumacher,Michael Schumacher,German,benetton,Benetton,1,michael_schumacher,Michael Schumacher,Benetton,qualifying,True
1995,17,1995-11-12,Australian Grand Prix,adelaide,Adelaide Street Circuit,Australia,Adelaide,-34.9272,138.617,damon_hill,Damon Hill,British,williams,Williams,1,damon_hill,Damon Hill,Williams,qualifying,True
1996,1,1996-03-10,Australian Grand Prix,albert_park,Albert Park Grand Prix Circuit,Australia,Melbourne,-37.8497,144.968,damon_hill,Damon Hill,British,williams,Williams,2,villeneuve,Jacques Villeneuve,Williams,qualifying,False
1996,2,1996-03-31,Brazilian Grand Prix,interlagos,Autódromo José Carlos Pace,Brazil,São Paulo,-23.7036,-46.6997,damon_hill,Damon Hill,British,williams,Williams,1,damon_hill,Damon Hill,Williams,qualifying,True
1996,3,1996-04-07,Argentine Grand Prix,galvez,Autódromo Juan y Oscar Gálvez,Argentina,Buenos Aires,-34.6943,-58.4593,damon_hill,Damon Hill,British,williams,Williams,1,damon_hill,Damon Hill,Williams,qualifying,True
1996,4,1996-04-28,European Grand Prix,nurburgring,Nürburgring,Germany,Nürburg,50.3356,6.9475,villeneuve,Jacques Villeneuve,Canadian,williams,Williams,2,damon_hill,Damon Hill,Williams,qualifying,False
1996,5,1996-05-05,San Marino Grand Prix,imola,Autodromo Enzo e Dino Ferrari,Italy,Imola,44.3439,11.7167,damon_hill,Damon Hill,British,williams,Williams,2,michael_schumacher,Michael Schumacher,Ferrari,qualifying,False
1996,6,1996-05-19,Monaco Grand Prix,monaco,Circuit de Monaco,Monaco,Monte Carlo,43.7347,7.42056,panis,Olivier Panis,French,ligier,Ligier,14,michael_schumacher,Michael Schumacher,Ferrari,qualifying,False
1996,7,1996-06-02,Spanish Grand Prix,catalunya,Circuit de Barcelona-Catalunya,Spain,Barcelona,41.57,2.26111,michael_schumacher,Michael Schumacher,German,ferrari,Ferrari,3,damon_hill,Damon Hill,Williams,qualifying,False
1996,8,1996-06-16,Canadian Grand Prix,villeneuve,Circuit Gilles Villeneuve,Canada,Montreal,45.5,-73.5228,damon_hill,Damon Hill,British,williams,Williams,1,damon_hill,Damon Hill,Williams,grid,True
1996,9,1996-06-30,French Grand Prix,magny_cours,Circuit de Nevers Magny-Cours,France,Magny Cours,46.8642,3.16361,damon_hill,Damon Hill,British,williams,Williams,2,michael_schumacher,Michael Schumacher,Ferrari,grid,False
1996,10,1996-07-14,British Grand Prix,silverstone,Silverstone Circuit,UK,Silverstone,52.0786,-1.01694,villeneuve,Jacques Villeneuve,Canadian,williams,Williams,2,damon_hill,Damon Hill,Williams,grid,False
1996,11,1996-07-28,German Grand Prix,hockenheimring,Hockenheimring,Germany,Hockenheim,49.3278,8.56583,damon_hill,Damon Hill,British,williams,Williams,1,damon_hill,Damon Hill,Williams,grid,True
1996,12,1996-08-11,Hungarian Grand Prix,hungaroring,Hungaroring,Hungary,Budapest,47.5789,19.2486,villeneuve,Jacques Villeneuve,Canadian,williams,Williams,3,michael_schumacher,Michael Schumacher,Ferrari,grid,False
1996,13,1996-08-25,Belgian Grand Prix,spa,Circuit de Spa-Francorchamps,Belgium,Spa,50.4372,5.97139,michael_schumacher,Michael Schumacher,German,ferrari,Ferrari,3,villeneuve,Jacques Villeneuve,Williams,grid,False
1996,14,1996-09-08,Italian Grand Prix,monza,Autodromo Nazionale di Monza,Italy,Monza,45.6156,9.28111,michael_schumacher,Michael Schumacher,German,ferrari,Ferrari,3,damon_hill,Damon Hill,Williams,grid,False
1996,15,1996-09-22,Portuguese Grand Prix,estoril,Autódromo do Estoril,Portugal,Estoril,38.7506,-9.39417,villeneuve,Jacques Villeneuve,Canadian,williams,Williams,2,damon_hill,Damon Hill,Williams,grid,False
1996,16,1996-10-13,Japanese Grand Prix,suzuka,Suzuka Circuit,Japan,Suzuka,34.8431,136.541,damon_hill,Damon Hill,British,williams,Williams,2,villeneuve,Jacques Villeneuve,Williams,grid,False
1997,1,1997-03-09,Australian Grand Prix,albert_park,Albert Park Grand Prix Circuit,Australia,Melbourne,-37.8497,144.968,coulthard,David Coulthard,British,mclaren,McLaren,4,villeneuve,Jacques Villeneuve,Williams,qualifying,False
1997,2,1997-03-30,Brazilian Grand Prix,interlagos,Autódromo José Carlos Pace,Brazil,São Paulo,-23.7036,-46.6997,villeneuve,Jacques Villeneuve,Canadian,williams,Williams,1,villeneuve,Jacques Villeneuve,Williams,qualifying,True
1997,3,1997-04-13,Argentine Grand Prix,galvez,Autódromo Juan y Oscar Gálvez,Argentina,Buenos Aires,-34.6943,-58.4593,villeneuve,Jacques Villeneuve,Canadian,williams,Williams,1,villeneuve,Jacques Villeneuve,Williams,qualifying,True
1997,4,1997-04-27,San Marino Grand Prix,imola,Autodromo Enzo e Dino Ferrari,Italy,Imola,44.3439,11.7167,frentzen,Heinz-Harald Frentzen,German,williams,Williams,2,villeneuve,Jacques Villeneuve,Williams,qualifying,False
1997,5,1997-05-11,Monaco Grand Prix,monaco,Circuit de Monaco,Monaco,Monte Carlo,43.7347,7.42056,michael_schumacher,Michael Schumacher,German,ferrari,Ferrari,2,frentzen,Heinz-Harald Frentzen,Williams,qualifying,False
1997,6,1997-05-25,Spanish Grand Prix,catalunya,Circuit de Barcelona-Catalunya,Spain,Barcelona,41.57,2.26111,villeneuve,Jacques Villeneuve,Canadian,williams,Williams,1,villeneuve,Jacques Villeneuve,Williams,qualifying,True
1997,7,1997-06-15,Canadian Grand Prix,villeneuve,Circuit Gilles Villeneuve,Canada,Montreal,45.5,-73.5228,michael_schumacher,Michael Schumacher,German,ferrari,Ferrari,1,michael_schumacher,Michael Schumacher,Ferrari,qualifying,True
1997,8,1997-06-29,French Grand Prix,magny_cours,Circuit de Nevers Magny-Cours,France,Magny Cours,46.8642,3.16361,michael_schumacher,Michael Schumacher,German,ferrari,Ferrari,1,michael_schumacher,Michael Schumacher,Ferrari,qualifying,True
1997,9,1997-07-13,British Grand Prix,silverstone,Silverstone Circuit,UK,Silverstone,52.0786,-1.01694,villeneuve,Jacques Villeneuve,Canadian,williams,Williams,1,villeneuve,Jacques Villeneuve,Williams,qualifying,True
1997,10,1997-07-27,German Grand Prix,hockenheimring,Hockenheimring,Germany,Hockenheim,49.3278,8.56583,berger,Gerhard Berger,Austrian,benetton,Benetton,1,berger,Gerhard Berger,Benetton,qualifying,True
1997,11,1997-08-10,Hungarian Grand Prix,hungaroring,Hungaroring,Hungary,Budapest,47.5789,19.2486,villeneuve,Jacques Villeneuve,Canadian,williams,Williams,2,michael_schumacher,Michael Schumacher,Ferrari,grid,False
1997,12,1997-08-24,Belgian Grand Prix,spa,Circuit de Spa-Francorchamps,Belgium,Spa,50.4372,5.97139,michael_schumacher,Michael Schumacher,German,ferrari,Ferrari,3,villeneuve,Jacques Villeneuve,Williams,grid,False
1997,13,1997-09-07,Italian Grand Prix,monza,Autodromo Nazionale di Monza,Italy,Monza,45.6156,9.28111,coulthard,David Coulthard,British,mclaren,McLaren,6,alesi,Jean Alesi,Benetton,grid,False
1997,14,1997-09-21,Austrian Grand Prix,red_bull_ring,Red Bull Ring,Austria,Spielberg,47.2197,14.7647,villeneuve,Jacques Villeneuve,Canadian,williams,Williams,1,villeneuve,Jacques Villeneuve,Williams,grid,True
1997,15,1997-09-28,Luxembourg Grand Prix,nurburgring,Nürburgring,Germany,Nürburg,50.3356,6.9475,villeneuve,Jacques Villeneuve,Canadian,williams,Williams,2,hakkinen,Mika Häkkinen,McLaren,grid,False
1997,16,1997-10-12,Japanese Grand Prix,suzuka,Suzuka Circuit,Japan,Suzuka,34.8431,136.541,michael_schumacher,Michael Schumacher,German,ferrari,Ferrari,2,villeneuve,Jacques Villeneuve,Williams,grid,False
1997,17,1997-10-26,European Grand Prix,jerez,Circuito de Jerez,Spain,Jerez de la Frontera,36.7083,-6.03417,hakkinen,Mika Häkkinen,Finnish,mclaren,McLaren,5,villeneuve,Jacques Villeneuve,Williams,grid,False
1998,1,1998-03-08,Australian Grand Prix,albert_park,Albert Park Grand Prix Circuit,Australia,Melbourne,-37.8497,144.968,hakkinen,Mika Häkkinen,Finnish,mclaren,McLaren,1,hakkinen,Mika Häkkinen,McLaren,qualifying,True
1998,2,1998-03-29,Brazilian Grand Prix,interlagos,Autódromo José Carlos Pace,Brazil,São Paulo,-23.7036,-46.6997,hakkinen,Mika Häkkinen,Finnish,mclaren,McLaren,1,hakkinen,Mika Häkkinen,McLaren,qualifying,True
1998,3,1998-04-12,Argentine Grand Prix,galvez,Autódromo Juan y Oscar Gálvez,Argentina,Buenos Aires,-34.6943,-58.4593,michael_schumacher,Michael Schumacher,German,ferrari,Ferrari,2,coulthard,David Coulthard,McLaren,qualifying,False
1998,4,1998-04-26,San Marino Grand Prix,imola,Autodromo Enzo e Dino Ferrari,Italy,Imola,44.3439,11.7167,coulthard,David Coulthard,British,mclaren,McLaren,1,coulthard,David Coulthard,McLaren,grid,True
1998,5,1998-05-10,Spanish Grand Prix,catalunya,Circuit de Barcelona-Catalunya,Spain,Barcelona,41.57,2.26111,hakkinen,Mika Häkkinen,Finnish,mclaren,McLaren,1,hakkinen,Mika Häkkinen,McLaren,grid,True
1998,6,1998-05-24,Monaco Grand Prix,monaco,Circuit de Monaco,Monaco,Monte Carlo,43.7347,7.42056,hakkinen,Mika Häkkinen,Finnish,mclaren,McLaren,1,hakkinen,Mika Häkkinen,McLaren,grid,True
1998,7,1998-06-07,Canadian Grand Prix,villeneuve,Circuit Gilles Villeneuve,Canada,Montreal,45.5,-73.5228,michael_schumacher,Michael Schumacher,German,ferrari,Ferrari,3,coulthard,David Coulthard,McLaren,grid,False
1998,8,1998-06-28,French Grand Prix,magny_cours,Circuit de Nevers Magny-Cours,France,Magny Cours,46.8642,3.16361,michael_schumacher,Michael Schumacher,German,ferrari,Ferrari,2,hakkinen,Mika Häkkinen,McLaren,grid,False
1998,9,1998-07-12,British Grand Prix,silverstone,Silverstone Circuit,UK,Silverstone,52.0786,-1.01694,michael_schumacher,Michael Schumacher,German,ferrari,Ferrari,2,hakkinen,Mika Häkkinen,McLaren,qualifying,False
1998,10,1998-07-26,Austrian Grand Prix,red_bull_ring,Red Bull Ring,Austria,Spielberg,47.2197,14.7647,hakkinen,Mika Häkkinen,Finnish,mclaren,McLaren,3,fisichella,Giancarlo Fisichella,Benetton,qualifying,False
1998,11,1998-08-02,German Grand Prix,hockenheimring,Hockenheimring,Germany,Hockenheim,49.3278,8.56583,hakkinen,Mika Häkkinen,Finnish,mclaren,McLaren,1,hakkinen,Mika Häkkinen,McLaren,qualifying,True
1998,12,1998-08-16,Hungarian Grand Prix,hungaroring,Hungaroring,Hungary,Budapest,47.5789,19.2486,michael_schumacher,Michael Schumacher,German,ferrari,Ferrari,3,hakkinen,Mika Häkkinen,McLaren,grid,False
1998,13,1998-08-30,Belgian Grand Prix,spa,Circuit de Spa-Francorchamps,Belgium,Spa,50.4372,5.97139,damon_hill,Damon Hill,British,jordan,Jordan,3,hakkinen,Mika Häkkinen,McLaren,qualifying,False
1998,14,1998-09-13,Italian Grand Prix,monza,Autodromo Nazionale di Monza,Italy,Monza,45.6156,9.28111,michael_schumacher,Michael Schumacher,German,ferrari,Ferrari,1,michael_schumacher,Michael Schumacher,Ferrari,grid,True
1998,15,1998-09-27,Luxembourg Grand Prix,nurburgring,Nürburgring,Germany,Nürburg,50.3356,6.9475,hakkinen,Mika Häkkinen,Finnish,mclaren,McLaren,3,michael_schumacher,Michael Schumacher,Ferrari,grid,False
1998,16,1998-11-01,Japanese Grand Prix,suzuka,Suzuka Circuit,Japan,Suzuka,34.8431,136.541,hakkinen,Mika Häkkinen,Finnish,mclaren,McLaren,2,michael_schumacher,Michael Schumacher,Ferrari,grid,False
1999,1,1999-03-07,Australian Grand Prix,albert_park,Albert Park Grand Prix Circuit,Australia,Melbourne,-37.8497,144.968,irvine,Eddie Irvine,British,ferrari,Ferrari,6,hakkinen,Mika Häkkinen,McLaren,qualifying,False
1999,2,1999-04-11,Brazilian Grand Prix,interlagos,Autódromo José Carlos Pace,Brazil,São Paulo,-23.7036,-46.6997,hakkinen,Mika Häkkinen,Finnish,mclaren,McLaren,1,hakkinen,Mika Häkkinen,McLaren,qualifying,True
1999,3,1999-05-02,San Marino Grand Prix,imola,Autodromo Enzo e Dino Ferrari,Italy,Imola,44.3439,11.7167,michael_schumacher,Michael Schumacher,German,ferrari,Ferrari,3,hakkinen,Mika Häkkinen,McLaren,qualifying,False
1999,4,1999-05-16,Monaco Grand Prix,monaco,Circuit de Monaco,Monaco,Monte Carlo,43.7347,7.42056,michael_schumacher,Michael Schumacher,German,ferrari,Ferrari,2,hakkinen,Mika Häkkinen,McLaren,grid,False
1999,5,1999-05-30,Spanish Grand Prix,catalunya,Circuit de Barcelona-Catalunya,Spain,Barcelona,41.57,2.26111,hakkinen,Mika Häkkinen,Finnish,mclaren,McLaren,1,hakkinen,Mika Häkkinen,McLaren,grid,True
1999,6,1999-06-13,Canadian Grand Prix,villeneuve,Circuit Gilles Villeneuve,Canada,Montreal,45.5,-73.5228,hakkinen,Mika Häkkinen,Finnish,mclaren,McLaren,2,michael_schumacher,Michael Schumacher,Ferrari,grid,False
1999,7,1999-06-27,French Grand Prix,magny_cours,Circuit de Nevers Magny-Cours,France,Magny Cours,46.8642,3.16361,frentzen,Heinz-Harald Frentzen,German,jordan,Jordan,5,barrichello,Rubens Barrichello,Stewart,grid,False
1999,8,1999-07-11,British Grand Prix,silverstone,Silverstone Circuit,UK,Silverstone,52.0786,-1.01694,coulthard,David Coulthard,British,mclaren,McLaren,3,hakkinen,Mika Häkkinen,McLaren,grid,False
1999,9,1999-07-25,Austrian Grand Prix,red_bull_ring,Red Bull Ring,Austria,Spielberg,47.2197,14.7647,irvine,Eddie Irvine,British,ferrari,Ferrari,3,hakkinen,Mika Häkkinen,McLaren,grid,False
1999,10,1999-08-01,German Grand Prix,hockenheimring,Hockenheimring,Germany,Hockenheim,49.3278,8.56583,irvine,Eddie Irvine,British,ferrari,Ferrari,5,hakkinen,Mika Häkkinen,McLaren,grid,False
1999,11,1999-08-15,Hungarian Grand Prix,hungaroring,Hungaroring,Hungary,Budapest,47.5789,19.2486,hakkinen,Mika Häkkinen,Finnish,mclaren,McLaren,1,hakkinen,Mika Häkkinen,McLaren,grid,True
1999,12,1999-08-29,Belgian Grand Prix,spa,Circuit de Spa-Francorchamps,Belgium,Spa,50.4372,5.97139,coulthard,David Coulthard,British,mclaren,McLaren,2,hakkinen,Mika Häkkinen,McLaren,grid,False
1999,13,1999-09-12,Italian Grand Prix,monza,Autodromo Nazionale di Monza,Italy,Monza,45.6156,9.28111,frentzen,Heinz-Harald Frentzen,German,jordan,Jordan,2,hakkinen,Mika Häkkinen,McLaren,grid,False
1999,14,1999-09-26,European Grand Prix,nurburgring,Nürburgring,Germany,Nürburg,50.3356,6.9475,herbert,Johnny Herbert,British,stewart,Stewart,14,frentzen,Heinz-Harald Frentzen,Jordan,grid,False
1999,15,1999-10-17,Malaysian Grand Prix,sepang,Sepang International Circuit,Malaysia,Kuala Lumpur,2.76083,101.738,irvine,Eddie Irvine,British,ferrari,Ferrari,2,michael_schumacher,Michael Schumacher,Ferrari,grid,False
1999,16,1999-10-31,Japanese Grand Prix,suzuka,Suzuka Circuit,Japan,Suzuka,34.8431,136.541,hakkinen,Mika Häkkinen,Finnish,mclaren,McLaren,2,michael_schumacher,Michael Schumacher,Ferrari,grid,False
2000,1,2000-03-12,Australian Grand Prix,albert_park,Albert Park Grand Prix Circuit,Australia,Melbourne,-37.8497,144.968,michael_schumacher,Michael Schumacher,German,ferrari,Ferrari,3,hakkinen,Mika Häkkinen,McLaren,qualifying,False
2000,2,2000-03-26,Brazilian Grand Prix,interlagos,Autódromo José Carlos Pace,Brazil,São Paulo,-23.7036,-46.6997,michael_schumacher,Michael Schumacher,German,ferrari,Ferrari,3,hakkinen,Mika Häkkinen,McLaren,grid,False
2000,3,2000-04-09,San Marino Grand Prix,imola,Autodromo Enzo e Dino Ferrari,Italy,Imola,44.3439,11.7167,michael_schumacher,Michael Schumacher,German,ferrari,Ferrari,2,hakkinen,Mika Häkkinen,McLaren,qualifying,False
2000,4,2000-04-23,British Grand Prix,silverstone,Silverstone Circuit,UK,Silverstone,52.0786,-1.01694,coulthard,David Coulthard,British,mclaren,McLaren,4,barrichello,Rubens Barrichello,Ferrari,qualifying,False
2000,5,2000-05-07,Spanish Grand Prix,catalunya,Circuit de Barcelona-Catalunya,Spain,Barcelona,41.57,2.26111,hakkinen,Mika Häkkinen,Finnish,mclaren,McLaren,2,michael_schumacher,Michael Schumacher,Ferrari,grid,False
2000,6,2000-05-21,European Grand Prix,nurburgring,Nürburgring,Germany,Nürburg,50.3356,6.9475,michael_schumacher,Michael Schumacher,German,ferrari,Ferrari,2,coulthard,David Coulthard,McLaren,grid,False
2000,7,2000-06-04,Monaco Grand Prix,monaco,Circuit de Monaco,Monaco,Monte Carlo,43.7347,7.42056,coulthard,David Coulthard,British,mclaren,McLaren,3,michael_schumacher,Michael Schumacher,Ferrari,grid,False
2000,8,2000-06-18,Canadian Grand Prix,villeneuve,Circuit Gilles Villeneuve,Canada,Montreal,45.5,-73.5228,michael_schumacher,Michael Schumacher,German,ferrari,Ferrari,1,michael_schumacher,Michael Schumacher,Ferrari,grid,True
2000,9,2000-07-02,French Grand Prix,magny_cours,Circuit de Nevers Magny-Cours,France,Magny Cours,46.8642,3.16361,coulthard,David Coulthard,British,mclaren,McLaren,2,michael_schumacher,Michael Schumacher,Ferrari,grid,False
2000,10,2000-07-16,Austrian Grand Prix,red_bull_ring,Red Bull Ring,Austria,Spielberg,47.2197,14.7647,hakkinen,Mika Häkkinen,Finnish,mclaren,McLaren,1,hakkinen,Mika Häkkinen,McLaren,grid,True
2000,11,2000-07-30,German Grand Prix,hockenheimring,Hockenheimring,Germany,Hockenheim,49.3278,8.56583,barrichello,Rubens Barrichello,Brazilian,ferrari,Ferrari,18,coulthard,David Coulthard,McLaren,grid,False
2000,12,2000-08-13,Hungarian Grand Prix,hungaroring,Hungaroring,Hungary,Budapest,47.5789,19.2486,hakkinen,Mika Häkkinen,Finnish,mclaren,McLaren,3,michael_schumacher,Michael Schumacher,Ferrari,grid,False
2000,13,2000-08-27,Belgian Grand Prix,spa,Circuit de Spa-Francorchamps,Belgium,Spa,50.4372,5.97139,hakkinen,Mika Häkkinen,Finnish,mclaren,McLaren,1,hakkinen,Mika Häkkinen,McLaren,grid,True
2000,14,2000-09-10,Italian Grand Prix,monza,Autodromo Nazionale di Monza,Italy,Monza,45.6156,9.28111,michael_schumacher,Michael Schumacher,German,ferrari,Ferrari,1,michael_schumacher,Michael Schumacher,Ferrari,grid,True
2000,15,2000-09-24,United States Grand Prix,indianapolis,Indianapolis Motor Speedway,USA,Indianapolis,39.795,-86.2347,michael_schumacher,Michael Schumacher,German,ferrari,Ferrari,1,michael_schumacher,Michael Schumacher,Ferrari,grid,True
2000,16,2000-10-08,Japanese Grand Prix,suzuka,Suzuka Circuit,Japan,Suzuka,34.8431,136.541,michael_schumacher,Michael Schumacher,German,ferrari,Ferrari,1,michael_schumacher,Michael Schumacher,Ferrari,qualifying,True
2000,17,2000-10-22,Malaysian Grand Prix,sepang,Sepang International Circuit,Malaysia,Kuala Lumpur,2.76083,101.738,michael_schumacher,Michael Schumacher,German,ferrari,Ferrari,1,michael_schumacher,Michael Schumacher,Ferrari,grid,True
2001,1,2001-03-04,Australian Grand Prix,albert_park,Albert Park Grand Prix Circuit,Australia,Melbourne,-37.8497,144.968,michael_schumacher,Michael Schumacher,German,ferrari,Ferrari,1,michael_schumacher,Michael Schumacher,Ferrari,grid,True
2001,2,2001-03-18,Malaysian Grand Prix,sepang,Sepang International Circuit,Malaysia,Kuala Lumpur,2.76083,101.738,michael_schumacher,Michael Schumacher,German,ferrari,Ferrari,1,michael_schumacher,Michael Schumacher,Ferrari,grid,True
2001,3,2001-04-01,Brazilian Grand Prix,interlagos,Autódromo José Carlos Pace,Brazil,São Paulo,-23.7036,-46.6997,coulthard,David Coulthard,British,mclaren,McLaren,5,michael_schumacher,Michael Schumacher,Ferrari,grid,False
2001,4,2001-04-15,San Marino Grand Prix,imola,Autodromo Enzo e Dino Ferrari,Italy,Imola,44.3439,11.7167,ralf_schumacher,Ralf Schumacher,German,williams,Williams,3,coulthard,David Coulthard,McLaren,grid,False
2001,5,2001-04-29,Spanish Grand Prix,catalunya,Circuit de Barcelona-Catalunya,Spain,Barcelona,41.57,2.26111,michael_schumacher,Michael Schumacher,German,ferrari,Ferrari,1,michael_schumacher,Michael Schumacher,Ferrari,grid,True
2001,6,2001-05-13,Austrian Grand Prix,red_bull_ring,Red Bull Ring,Austria,Spielberg,47.2197,14.7647,coulthard,David Coulthard,British,mclaren,McLaren,7,michael_schumacher,Michael Schumacher,Ferrari,grid,False
2001,7,2001-05-27,Monaco Grand Prix,monaco,Circuit de Monaco,Monaco,Monte Carlo,43.7347,7.42056,michael_schumacher,Michael Schumacher,German,ferrari,Ferrari,2,coulthard,David Coulthard,McLaren,grid,False
2001,8,2001-06-10,Canadian Grand Prix,villeneuve,Circuit Gilles Villeneuve,Canada,Montreal,45.5,-73.5228,ralf_schumacher,Ralf Schumacher,German,williams,Williams,2,michael_schumacher,Michael Schumacher,Ferrari,grid,False
2001,9,2001-06-24,European Grand Prix,nurburgring,Nürburgring,Germany,Nürburg,50.3356,6.9475,michael_schumacher,Michael Schumacher,German,ferrari,Ferrari,1,michael_schumacher,Michael Schumacher,Ferrari,grid,True
2001,10,2001-07-01,French Grand Prix,magny_cours,Circuit de Nevers Magny-Cours,France,Magny Cours,46.8642,3.16361,michael_schumacher,Michael Schumacher,German,ferrari,Ferrari,2,ralf_schumacher,Ralf Schumacher,Williams,grid,False
2001,11,2001-07-15,British Grand Prix,silverstone,Silverstone Circuit,UK,Silverstone,52.0786,-1.01694,hakkinen,Mika Häkkinen,Finnish,mclaren,McLaren,2,michael_schumacher,Michael Schumacher,Ferrari,grid,False
2001,12,2001-07-29,German Grand Prix,hockenheimring,Hockenheimring,Germany,Hockenheim,49.3278,8.56583,ralf_schumacher,Ralf Schumacher,German,williams,Williams,2,montoya,Juan Pablo Montoya,Williams,grid,False
2001,13,2001-08-19,Hungarian Grand Prix,hungaroring,Hungaroring,Hungary,Budapest,47.5789,19.2486,michael_schumacher,Michael Schumacher,German,ferrari,Ferrari,1,michael_schumacher,Michael Schumacher,Ferrari,grid,True
2001,14,2001-09-02,Belgian Grand Prix,spa,Circuit de Spa-Francorchamps,Belgium,Spa,50.4372,5.97139,michael_schumacher,Michael Schumacher,German,ferrari,Ferrari,3,montoya,Juan Pablo Montoya,Williams,grid,False
2001,15,2001-09-16,Italian Grand Prix,monza,Autodromo Nazionale di Monza,Italy,Monza,45.6156,9.28111,montoya,Juan Pablo Montoya,Colombian,williams,Williams,1,montoya,Juan Pablo Montoya,Williams,grid,True
2001,16,2001-09-30,United States Grand Prix,indianapolis,Indianapolis Motor Speedway,USA,Indianapolis,39.795,-86.2347,hakkinen,Mika Häkkinen,Finnish,mclaren,McLaren,4,michael_schumacher,Michael Schumacher,Ferrari,qualifying,False
2001,17,2001-10-14,Japanese Grand Prix,suzuka,Suzuka Circuit,Japan,Suzuka,34.8431,136.541,michael_schumacher,Michael Schumacher,German,ferrari,Ferrari,1,michael_schumacher,Michael Schumacher,Ferrari,grid,True
2002,1,2002-03-03,Australian Grand Prix,albert_park,Albert Park Grand Prix Circuit,Australia,Melbourne,-37.8497,144.968,michael_schumacher,Michael Schumacher,German,ferrari,Ferrari,2,barrichello,Rubens Barrichello,Ferrari,grid,False
2002,2,2002-03-17,Malaysian Grand Prix,sepang,Sepang International Circuit,Malaysia,Kuala Lumpur,2.76083,101.738,ralf_schumacher,Ralf Schumacher,German,williams,Williams,4,michael_schumacher,Michael Schumacher,Ferrari,qualifying,False
2002,3,2002-03-31,Brazilian Grand Prix,interlagos,Autódromo José Carlos Pace,Brazil,São Paulo,-23.7036,-46.6997,michael_schumacher,Michael Schumacher,German,ferrari,Ferrari,2,montoya,Juan Pablo Montoya,Williams,grid,False
2002,4,2002-04-14,San Marino Grand Prix,imola,Autodromo Enzo e Dino Ferrari,Italy,Imola,44.3439,11.7167,michael_schumacher,Michael Schumacher,German,ferrari,Ferrari,1,michael_schumacher,Michael Schumacher,Ferrari,grid,True
2002,5,2002-04-28,Spanish Grand Prix,catalunya,Circuit de Barcelona-Catalunya,Spain,Barcelona,41.57,2.26111,michael_schumacher,Michael Schumacher,German,ferrari,Ferrari,1,michael_schumacher,Michael Schumacher,Ferrari,grid,True
2002,6,2002-05-12,Austrian Grand Prix,red_bull_ring,Red Bull Ring,Austria,Spielberg,47.2197,14.7647,michael_schumacher,Michael Schumacher,German,ferrari,Ferrari,3,barrichello,Rubens Barrichello,Ferrari,grid,False
2002,7,2002-05-26,Monaco Grand Prix,monaco,Circuit de Monaco,Monaco,Monte Carlo,43.7347,7.42056,coulthard,David Coulthard,British,mclaren,McLaren,2,montoya,Juan Pablo Montoya,Williams,grid,False
2002,8,2002-06-09,Canadian Grand Prix,villeneuve,Circuit Gilles Villeneuve,Canada,Montreal,45.5,-73.5228,michael_schumacher,Michael Schumacher,German,ferrari,Ferrari,2,montoya,Juan Pablo Montoya,Williams,grid,False
2002,9,2002-06-23,European Grand Prix,nurburgring,Nürburgring,Germany,Nürburg,50.3356,6.9475,barrichello,Rubens Barrichello,Brazilian,ferrari,Ferrari,4,montoya,Juan Pablo Montoya,Williams,grid,False
2002,10,2002-07-07,British Grand Prix,silverstone,Silverstone Circuit,UK,Silverstone,52.0786,-1.01694,michael_schumacher,Michael Schumacher,German,ferrari,Ferrari,3,montoya,Juan Pablo Montoya,Williams,grid,False
2002,11,2002-07-21,French Grand Prix,magny_cours,Circuit de Nevers Magny-Cours,France,Magny Cours,46.8642,3.16361,michael_schumacher,Michael Schumacher,German,ferrari,Ferrari,2,montoya,Juan Pablo Montoya,Williams,grid,False
2002,12,2002-07-28,German Grand Prix,hockenheimring,Hockenheimring,Germany,Hockenheim,49.3278,8.56583,michael_schumacher,Michael Schumacher,German,ferrari,Ferrari,1,michael_schumacher,Michael Schumacher,Ferrari,grid,True
2002,13,2002-08-18,Hungarian Grand Prix,hungaroring,Hungaroring,Hungary,Budapest,47.5789,19.2486,barrichello,Rubens Barrichello,Brazilian,ferrari,Ferrari,1,barrichello,Rubens Barrichello,Ferrari,grid,True
2002,14,2002-09-01,Belgian Grand Prix,spa,Circuit de Spa-Francorchamps,Belgium,Spa,50.4372,5.97139,michael_schumacher,Michael Schumacher,German,ferrari,Ferrari,1,michael_schumacher,Michael Schumacher,Ferrari,grid,True
2002,15,2002-09-15,Italian Grand Prix,monza,Autodromo Nazionale di Monza,Italy,Monza,45.6156,9.28111,barrichello,Rubens Barrichello,Brazilian,ferrari,Ferrari,4,montoya,Juan Pablo Montoya,Williams,grid,False
2002,16,2002-09-29,United States Grand Prix,indianapolis,Indianapolis Motor Speedway,USA,Indianapolis,39.795,-86.2347,barrichello,Rubens Barrichello,Brazilian,ferrari,Ferrari,2,michael_schumacher,Michael Schumacher,Ferrari,grid,False
2002,17,2002-10-13,Japanese Grand Prix,suzuka,Suzuka Circuit,Japan,Suzuka,34.8431,136.541,michael_schumacher,Michael Schumacher,German,ferrari,Ferrari,1,michael_schumacher,Michael Schumacher,Ferrari,qualifying,True
2003,1,2003-03-09,Australian Grand Prix,albert_park,Albert Park Grand Prix Circuit,Australia,Melbourne,-37.8497,144.968,coulthard,David Coulthard,British,mclaren,McLaren,11,michael_schumacher,Michael Schumacher,Ferrari,qualifying,False
2003,2,2003-03-23,Malaysian Grand Prix,sepang,Sepang International Circuit,Malaysia,Kuala Lumpur,2.76083,101.738,raikkonen,Kimi Räikkönen,Finnish,mclaren,McLaren,7,alonso,Fernando Alonso,Renault,qualifying,False
2003,3,2003-04-06,Brazilian Grand Prix,interlagos,Autódromo José Carlos Pace,Brazil,São Paulo,-23.7036,-46.6997,fisichella,Giancarlo Fisichella,Italian,jordan,Jordan,8,barrichello,Rubens Barrichello,Ferrari,qualifying,False
2003,4,2003-04-20,San Marino Grand Prix,imola,Autodromo Enzo e Dino Ferrari,Italy,Imola,44.3439,11.7167,michael_schumacher,Michael Schumacher,German,ferrari,Ferrari,1,michael_schumacher,Michael Schumacher,Ferrari,qualifying,True
2003,5,2003-05-04,Spanish Grand Prix,catalunya,Circuit de Barcelona-Catalunya,Spain,Barcelona,41.57,2.26111,michael_schumacher,Michael Schumacher,German,ferrari,Ferrari,1,michael_schumacher,Michael Schumacher,Ferrari,qualifying,True
2003,6,2003-05-18,Austrian Grand Prix,red_bull_ring,Red Bull Ring,Austria,Spielberg,47.2197,14.7647,michael_schumacher,Michael Schumacher,German,ferrari,Ferrari,1,michael_schumacher,Michael Schumacher,Ferrari,qualifying,True
2003,7,2003-06-01,Monaco Grand Prix,monaco,Circuit de Monaco,Monaco,Monte Carlo,43.7347,7.42056,montoya,Juan Pablo Montoya,Colombian,williams,Williams,3,ralf_schumacher,Ralf Schumacher,Williams,qualifying,False
2003,8,2003-06-15,Canadian Grand Prix,villeneuve,Circuit Gilles Villeneuve,Canada,Montreal,45.5,-73.5228,michael_schumacher,Michael Schumacher,German,ferrari,Ferrari,3,ralf_schumacher,Ralf Schumacher,Williams,qualifying,False
2003,9,2003-06-29,European Grand Prix,nurburgring,Nürburgring,Germany,Nürburg,50.3356,6.9475,ralf_schumacher,Ralf Schumacher,German,williams,Williams,3,raikkonen,Kimi Räikkönen,McLaren,qualifying,False
2003,10,2003-07-06,French Grand Prix,magny_cours,Circuit de Nevers Magny-Cours,France,Magny Cours,46.8642,3.16361,ralf_schumacher,Ralf Schumacher,German,williams,Williams,1,ralf_schumacher,Ralf Schumacher,Williams,qualifying,True
2003,11,2003-07-20,British Grand Prix,silverstone,Silverstone Circuit,UK,Silverstone,52.0786,-1.01694,barrichello,Rubens Barrichello,Brazilian,ferrari,Ferrari,1,barrichello,Rubens Barrichello,Ferrari,qualifying,True
2003,12,2003-08-03,German Grand Prix,hockenheimring,Hockenheimring,Germany,Hockenheim,49.3278,8.56583,montoya,Juan Pablo Montoya,Colombian,williams,Williams,1,montoya,Juan Pablo Montoya,Williams,qualifying,True
2003,13,2003-08-24,Hungarian Grand Prix,hungaroring,Hungaroring,Hungary,Budapest,47.5789,19.2486,alonso,Fernando Alonso,Spanish,renault,Renault,1,alonso,Fernando Alonso,Renault,qualifying,True
2003,14,2003-09-14,Italian Grand Prix,monza,Autodromo Nazionale di Monza,Italy,Monza,45.6156,9.28111,michael_schumacher,Michael Schumacher,German,ferrari,Ferrari,1,michael_schumacher,Michael Schumacher,Ferrari,qualifying,True
2003,15,2003-09-28,United States Grand Prix,indianapolis,Indianapolis Motor Speedway,USA,Indianapolis,39.795,-86.2347,michael_schumacher,Michael Schumacher,German,ferrari,Ferrari,7,raikkonen,Kimi Räikkönen,McLaren,qualifying,False
2003,16,2003-10-12,Japanese Grand Prix,suzuka,Suzuka Circuit,Japan,Suzuka,34.8431,136.541,barrichello,Rubens Barrichello,Brazilian,ferrari,Ferrari,1,barrichello,Rubens Barrichello,Ferrari,qualifying,True
2004,1,2004-03-07,Australian Grand Prix,albert_park,Albert Park Grand Prix Circuit,Australia,Melbourne,-37.8497,144.968,michael_schumacher,Michael Schumacher,German,ferrari,Ferrari,1,michael_schumacher,Michael Schumacher,Ferrari,qualifying,True
2004,2,2004-03-21,Malaysian Grand Prix,sepang,Sepang International Circuit,Malaysia,Kuala Lumpur,2.76083,101.738,michael_schumacher,Michael Schumacher,German,ferrari,Ferrari,1,michael_schumacher,Michael Schumacher,Ferrari,qualifying,True
2004,3,2004-04-04,Bahrain Grand Prix,bahrain,Bahrain International Circuit,Bahrain,Sakhir,26.0325,50.5106,michael_schumacher,Michael Schumacher,German,ferrari,Ferrari,1,michael_schumacher,Michael Schumacher,Ferrari,qualifying,True
2004,4,2004-04-25,San Marino Grand Prix,imola,Autodromo Enzo e Dino Ferrari,Italy,Imola,44.3439,11.7167,michael_schumacher,Michael Schumacher,German,ferrari,Ferrari,2,button,Jenson Button,BAR,qualifying,False
2004,5,2004-05-09,Spanish Grand Prix,catalunya,Circuit de Barcelona-Catalunya,Spain,Barcelona,41.57,2.26111,michael_schumacher,Michael Schumacher,German,ferrari,Ferrari,1,michael_schumacher,Michael Schumacher,Ferrari,qualifying,True
2004,6,2004-05-23,Monaco Grand Prix,monaco,Circuit de Monaco,Monaco,Monte Carlo,43.7347,7.42056,trulli,Jarno Trulli,Italian,renault,Renault,1,trulli,Jarno Trulli,Renault,qualifying,True
2004,7,2004-05-30,European Grand Prix,nurburgring,Nürburgring,Germany,Nürburg,50.3356,6.9475,michael_schumacher,Michael Schumacher,German,ferrari,Ferrari,1,michael_schumacher,Michael Schumacher,Ferrari,qualifying,True
2004,8,2004-06-13,Canadian Grand Prix,villeneuve,Circuit Gilles Villeneuve,Canada,Montreal,45.5,-73.5228,michael_schumacher,Michael Schumacher,German,ferrari,Ferrari,6,ralf_schumacher,Ralf Schumacher,Williams,qualifying,False
2004,9,2004-06-20,United States Grand Prix,indianapolis,Indianapolis Motor Speedway,USA,Indianapolis,39.795,-86.2347,michael_schumacher,Michael Schumacher,German,ferrari,Ferrari,2,barrichello,Rubens Barrichello,Ferrari,qualifying,False
2004,10,2004-07-04,French Grand Prix,magny_cours,Circuit de Nevers Magny-Cours,France,Magny Cours,46.8642,3.16361,michael_schumacher,Michael Schumacher,German,ferrari,Ferrari,2,alonso,Fernando Alonso,Renault,qualifying,False
2004,11,2004-07-11,British Grand Prix,silverstone,Silverstone Circuit,UK,Silverstone,52.0786,-1.01694,michael_schumacher,Michael Schumacher,German,ferrari,Ferrari,4,raikkonen,Kimi Räikkönen,McLaren,qualifying,False
2004,12,2004-07-25,German Grand Prix,hockenheimring,Hockenheimring,Germany,Hockenheim,49.3278,8.56583,michael_schumacher,Michael Schumacher,German,ferrari,Ferrari,1,michael_schumacher,Michael Schumacher,Ferrari,qualifying,True
2004,13,2004-08-15,Hungarian Grand Prix,hungaroring,Hungaroring,Hungary,Budapest,47.5789,19.2486,michael_schumacher,Michael Schumacher,German,ferrari,Ferrari,1,michael_schumacher,Michael Schumacher,Ferrari,qualifying,True
2004,14,2004-08-29,Belgian Grand Prix,spa,Circuit de Spa-Francorchamps,Belgium,Spa,50.4372,5.97139,raikkonen,Kimi Räikkönen,Finnish,mclaren,McLaren,10,trulli,Jarno Trulli,Renault,qualifying,False
2004,15,2004-09-12,Italian Grand Prix,monza,Autodromo Nazionale di Monza,Italy,Monza,45.6156,9.28111,barrichello,Rubens Barrichello,Brazilian,ferrari,Ferrari,1,barrichello,Rubens Barrichello,Ferrari,qualifying,True
2004,16,2004-09-26,Chinese Grand Prix,shanghai,Shanghai International Circuit,China,Shanghai,31.3389,121.22,barrichello,Rubens Barrichello,Brazilian,ferrari,Ferrari,1,barrichello,Rubens Barrichello,Ferrari,qualifying,True
2004,17,2004-10-10,Japanese Grand Prix,suzuka,Suzuka Circuit,Japan,Suzuka,34.8431,136.541,michael_schumacher,Michael Schumacher,German,ferrari,Ferrari,1,michael_schumacher,Michael Schumacher,Ferrari,qualifying,True
2004,18,2004-10-24,Brazilian Grand Prix,interlagos,Autódromo José Carlos Pace,Brazil,São Paulo,-23.7036,-46.6997,montoya,Juan Pablo Montoya,Colombian,williams,Williams,2,barrichello,Rubens Barrichello,Ferrari,qualifying,False
2005,1,2005-03-06,Australian Grand Prix,albert_park,Albert Park Grand Prix Circuit,Australia,Melbourne,-37.8497,144.968,fisichella,Giancarlo Fisichella,Italian,renault,Renault,1,fisichella,Giancarlo Fisichella,Renault,qualifying,True
2005,2,2005-03-20,Malaysian Grand Prix,sepang,Sepang International Circuit,Malaysia,Kuala Lumpur,2.76083,101.738,alonso,Fernando Alonso,Spanish,renault,Renault,1,alonso,Fernando Alonso,Renault,qualifying,True
2005,3,2005-04-03,Bahrain Grand Prix,bahrain,Bahrain International Circuit,Bahrain,Sakhir,26.0325,50.5106,alonso,Fernando Alonso,Spanish,renault,Renault,1,alonso,Fernando Alonso,Renault,qualifying,True
2005,4,2005-04-24,San Marino Grand Prix,imola,Autodromo Enzo e Dino Ferrari,Italy,Imola,44.3439,11.7167,alonso,Fernando Alonso,Spanish,renault,Renault,2,raikkonen,Kimi Räikkönen,McLaren,qualifying,False
2005,5,2005-05-08,Spanish Grand Prix,catalunya,Circuit de Barcelona-Catalunya,Spain,Barcelona,41.57,2.26111,raikkonen,Kimi Räikkönen,Finnish,mclaren,McLaren,1,raikkonen,Kimi Räikkönen,McLaren,qualifying,True
2005,6,2005-05-22,Monaco Grand Prix,monaco,Circuit de Monaco,Monaco,Monte Carlo,43.7347,7.42056,raikkonen,Kimi Räikkönen,Finnish,mclaren,McLaren,1,raikkonen,Kimi Räikkönen,McLaren,qualifying,True
2005,7,2005-05-29,European Grand Prix,nurburgring,Nürburgring,Germany,Nürburg,50.3356,6.9475,alonso,Fernando Alonso,Spanish,renault,Renault,6,heidfeld,Nick Heidfeld,Williams,qualifying,False
2005,8,2005-06-12,Canadian Grand Prix,villeneuve,Circuit Gilles Villeneuve,Canada,Montreal,45.5,-73.5228,raikkonen,Kimi Räikkönen,Finnish,mclaren,McLaren,7,button,Jenson Button,BAR,qualifying,False
2005,9,2005-06-19,United States Grand Prix,indianapolis,Indianapolis Motor Speedway,USA,Indianapolis,39.795,-86.2347,michael_schumacher,Michael Schumacher,German,ferrari,Ferrari,5,trulli,Jarno Trulli,Toyota,qualifying,False
2005,10,2005-07-03,French Grand Prix,magny_cours,Circuit de Nevers Magny-Cours,France,Magny Cours,46.8642,3.16361,alonso,Fernando Alonso,Spanish,renault,Renault,1,alonso,Fernando Alonso,Renault,qualifying,True
2005,11,2005-07-10,British Grand Prix,silverstone,Silverstone Circuit,UK,Silverstone,52.0786,-1.01694,montoya,Juan Pablo Montoya,Colombian,mclaren,McLaren,3,alonso,Fernando Alonso,Renault,qualifying,False
2005,12,2005-07-24,German Grand Prix,hockenheimring,Hockenheimring,Germany,Hockenheim,49.3278,8.56583,alonso,Fernando Alonso,Spanish,renault,Renault,3,raikkonen,Kimi Räikkönen,McLaren,qualifying,False
2005,13,2005-07-31,Hungarian Grand Prix,hungaroring,Hungaroring,Hungary,Budapest,47.5789,19.2486,raikkonen,Kimi Räikkönen,Finnish,mclaren,McLaren,4,michael_schumacher,Michael Schumacher,Ferrari,qualifying,False
2005,14,2005-08-21,Turkish Grand Prix,istanbul,Istanbul Park,Turkey,Istanbul,40.9517,29.405,raikkonen,Kimi Räikkönen,Finnish,mclaren,McLaren,1,raikkonen,Kimi Räikkönen,McLaren,qualifying,True
2005,15,2005-09-04,Italian Grand Prix,monza,Autodromo Nazionale di Monza,Italy,Monza,45.6156,9.28111,montoya,Juan Pablo Montoya,Colombian,mclaren,McLaren,1,raikkonen,Kimi Räikkönen,McLaren,qualifying,False
2005,16,2005-09-11,Belgian Grand Prix,spa,Circuit de Spa-Francorchamps,Belgium,Spa,50.4372,5.97139,raikkonen,Kimi Räikkönen,Finnish,mclaren,McLaren,2,montoya,Juan Pablo Montoya,McLaren,qualifying,False
2005,17,2005-09-25,Brazilian Grand Prix,interlagos,Autódromo José Carlos Pace,Brazil,São Paulo,-23.7036,-46.6997,montoya,Juan Pablo Montoya,Colombian,mclaren,McLaren,2,alonso,Fernando Alonso,Renault,qualifying,False
2005,18,2005-10-09,Japanese Grand Prix,suzuka,Suzuka Circuit,Japan,Suzuka,34.8431,136.541,raikkonen,Kimi Räikkönen,Finnish,mclaren,McLaren,17,ralf_schumacher,Ralf Schumacher,Toyota,qualifying,False
2005,19,2005-10-16,Chinese Grand Prix,shanghai,Shanghai International Circuit,China,Shanghai,31.3389,121.22,alonso,Fernando Alonso,Spanish,renault,Renault,1,alonso,Fernando Alonso,Renault,qualifying,True
2006,1,2006-03-12,Bahrain Grand Prix,bahrain,Bahrain International Circuit,Bahrain,Sakhir,26.0325,50.5106,alonso,Fernando Alonso,Spanish,renault,Renault,4,michael_schumacher,Michael Schumacher,Ferrari,qualifying,False
2006,2,2006-03-19,Malaysian Grand Prix,sepang,Sepang International Circuit,Malaysia,Kuala Lumpur,2.76083,101.738,fisichella,Giancarlo Fisichella,Italian,renault,Renault,1,fisichella,Giancarlo Fisichella,Renault,qualifying,True
2006,3,2006-04-02,Australian Grand Prix,albert_park,Albert Park Grand Prix Circuit,Australia,Melbourne,-37.8497,144.968,alonso,Fernando Alonso,Spanish,renault,Renault,3,button,Jenson Button,Honda,qualifying,False
2006,4,2006-04-23,San Marino Grand Prix,imola,Autodromo Enzo e Dino Ferrari,Italy,Imola,44.3439,11.7167,michael_schumacher,Michael Schumacher,German,ferrari,Ferrari,1,michael_schumacher,Michael Schumacher,Ferrari,qualifying,True
2006,5,2006-05-07,European Grand Prix,nurburgring,Nürburgring,Germany,Nürburg,50.3356,6.9475,michael_schumacher,Michael Schumacher,German,ferrari,Ferrari,2,alonso,Fernando Alonso,Renault,qualifying,False
2006,6,2006-05-14,Spanish Grand Prix,catalunya,Circuit de Barcelona-Catalunya,Spain,Barcelona,41.57,2.26111,alonso,Fernando Alonso,Spanish,renault,Renault,1,alonso,Fernando Alonso,Renault,qualifying,True
2006,7,2006-05-28,Monaco Grand Prix,monaco,Circuit de Monaco,Monaco,Monte Carlo,43.7347,7.42056,alonso,Fernando Alonso,Spanish,renault,Renault,1,alonso,Fernando Alonso,Renault,qualifying,True
2006,8,2006-06-11,British Grand Prix,silverstone,Silverstone Circuit,UK,Silverstone,52.0786,-1.01694,alonso,Fernando Alonso,Spanish,renault,Renault,1,alonso,Fernando Alonso,Renault,qualifying,True
2006,9,2006-06-25,Canadian Grand Prix,villeneuve,Circuit Gilles Villeneuve,Canada,Montreal,45.5,-73.5228,alonso,Fernando Alonso,Spanish,renault,Renault,1,alonso,Fernando Alonso,Renault,qualifying,True
2006,10,2006-07-02,United States Grand Prix,indianapolis,Indianapolis Motor Speedway,USA,Indianapolis,39.795,-86.2347,michael_schumacher,Michael Schumacher,German,ferrari,Ferrari,1,michael_schumacher,Michael Schumacher,Ferrari,qualifying,True
2006,11,2006-07-16,French Grand Prix,magny_cours,Circuit de Nevers Magny-Cours,France,Magny Cours,46.8642,3.16361,michael_schumacher,Michael Schumacher,German,ferrari,Ferrari,1,michael_schumacher,Michael Schumacher,Ferrari,qualifying,True
2006,12,2006-07-30,German Grand Prix,hockenheimring,Hockenheimring,Germany,Hockenheim,49.3278,8.56583,michael_schumacher,Michael Schumacher,German,ferrari,Ferrari,2,raikkonen,Kimi Räikkönen,McLaren,qualifying,False
2006,13,2006-08-06,Hungarian Grand Prix,hungaroring,Hungaroring,Hungary,Budapest,47.5789,19.2486,button,Jenson Button,British,honda,Honda,14,raikkonen,Kimi Räikkönen,McLaren,qualifying,False
2006,14,2006-08-27,Turkish Grand Prix,istanbul,Istanbul Park,Turkey,Istanbul,40.9517,29.405,massa,Felipe Massa,Brazilian,ferrari,Ferrari,1,massa,Felipe Massa,Ferrari,qualifying,True
2006,15,2006-09-10,Italian Grand Prix,monza,Autodromo Nazionale di Monza,Italy,Monza,45.6156,9.28111,michael_schumacher,Michael Schumacher,German,ferrari,Ferrari,2,raikkonen,Kimi Räikkönen,McLaren,qualifying,False
2006,16,2006-10-01,Chinese Grand Prix,shanghai,Shanghai International Circuit,China,Shanghai,31.3389,121.22,michael_schumacher,Michael Schumacher,German,ferrari,Ferrari,6,alonso,Fernando Alonso,Renault,qualifying,False
2006,17,2006-10-08,Japanese Grand Prix,suzuka,Suzuka Circuit,Japan,Suzuka,34.8431,136.541,alonso,Fernando Alonso,Spanish,renault,Renault,5,massa,Felipe Massa,Ferrari,qualifying,False
2006,18,2006-10-22,Brazilian Grand Prix,interlagos,Autódromo José Carlos Pace,Brazil,São Paulo,-23.7036,-46.6997,massa,Felipe Massa,Brazilian,ferrari,Ferrari,1,massa,Felipe Massa,Ferrari,qualifying,True
2007,1,2007-03-18,Australian Grand Prix,albert_park,Albert Park Grand Prix Circuit,Australia,Melbourne,-37.8497,144.968,raikkonen,Kimi Räikkönen,Finnish,ferrari,Ferrari,1,raikkonen,Kimi Räikkönen,Ferrari,qualifying,True
2007,2,2007-04-08,Malaysian Grand Prix,sepang,Sepang International Circuit,Malaysia,Kuala Lumpur,2.76083,101.738,alonso,Fernando Alonso,Spanish,mclaren,McLaren,2,massa,Felipe Massa,Ferrari,qualifying,False
2007,3,2007-04-15,Bahrain Grand Prix,bahrain,Bahrain International Circuit,Bahrain,Sakhir,26.0325,50.5106,massa,Felipe Massa,Brazilian,ferrari,Ferrari,1,massa,Felipe Massa,Ferrari,qualifying,True
2007,4,2007-05-13,Spanish Grand Prix,catalunya,Circuit de Barcelona-Catalunya,Spain,Barcelona,41.57,2.26111,massa,Felipe Massa,Brazilian,ferrari,Ferrari,1,massa,Felipe Massa,Ferrari,qualifying,True
2007,5,2007-05-27,Monaco Grand Prix,monaco,Circuit de Monaco,Monaco,Monte Carlo,43.7347,7.42056,alonso,Fernando Alonso,Spanish,mclaren,McLaren,1,alonso,Fernando Alonso,McLaren,qualifying,True
2007,6,2007-06-10,Canadian Grand Prix,villeneuve,Circuit Gilles Villeneuve,Canada,Montreal,45.5,-73.5228,hamilton,Lewis Hamilton,British,mclaren,McLaren,1,hamilton,Lewis Hamilton,McLaren,qualifying,True
2007,7,2007-06-17,United States Grand Prix,indianapolis,Indianapolis Motor Speedway,USA,Indianapolis,39.795,-86.2347,hamilton,Lewis Hamilton,British,mclaren,McLaren,1,hamilton,Lewis Hamilton,McLaren,qualifying,True
2007,8,2007-07-01,French Grand Prix,magny_cours,Circuit de Nevers Magny-Cours,France,Magny Cours,46.8642,3.16361,raikkonen,Kimi Räikkönen,Finnish,ferrari,Ferrari,3,massa,Felipe Massa,Ferrari,qualifying,False
2007,9,2007-07-08,British Grand Prix,silverstone,Silverstone Circuit,UK,Silverstone,52.0786,-1.01694,raikkonen,Kimi Räikkönen,Finnish,ferrari,Ferrari,2,hamilton,Lewis Hamilton,McLaren,qualifying,False
2007,10,2007-07-22,European Grand Prix,nurburgring,Nürburgring,Germany,Nürburg,50.3356,6.9475,alonso,Fernando Alonso,Spanish,mclaren,McLaren,2,raikkonen,Kimi Räikkönen,Ferrari,qualifying,False
2007,11,2007-08-05,Hungarian Grand Prix,hungaroring,Hungaroring,Hungary,Budapest,47.5789,19.2486,hamilton,Lewis Hamilton,British,mclaren,McLaren,1,alonso,Fernando Alonso,McLaren,qualifying,False
2007,12,2007-08-26,Turkish Grand Prix,istanbul,Istanbul Park,Turkey,Istanbul,40.9517,29.405,massa,Felipe Massa,Brazilian,ferrari,Ferrari,1,massa,Felipe Massa,Ferrari,qualifying,True
2007,13,2007-09-09,Italian Grand Prix,monza,Autodromo Nazionale di Monza,Italy,Monza,45.6156,9.28111,alonso,Fernando Alonso,Spanish,mclaren,McLaren,1,alonso,Fernando Alonso,McLaren,qualifying,True
2007,14,2007-09-16,Belgian Grand Prix,spa,Circuit de Spa-Francorchamps,Belgium,Spa,50.4372,5.97139,raikkonen,Kimi Räikkönen,Finnish,ferrari,Ferrari,1,raikkonen,Kimi Räikkönen,Ferrari,qualifying,True
2007,15,2007-09-30,Japanese Grand Prix,fuji,Fuji Speedway,Japan,Oyama,35.3717,138.927,hamilton,Lewis Hamilton,British,mclaren,McLaren,1,hamilton,Lewis Hamilton,McLaren,qualifying,True
2007,16,2007-10-07,Chinese Grand Prix,shanghai,Shanghai International Circuit,China,Shanghai,31.3389,121.22,raikkonen,Kimi Räikkönen,Finnish,ferrari,Ferrari,2,hamilton,Lewis Hamilton,McLaren,qualifying,False
2007,17,2007-10-21,Brazilian Grand Prix,interlagos,Autódromo José Carlos Pace,Brazil,São Paulo,-23.7036,-46.6997,raikkonen,Kimi Räikkönen,Finnish,ferrari,Ferrari,3,massa,Felipe Massa,Ferrari,qualifying,False
2008,1,2008-03-16,Australian Grand Prix,albert_park,Albert Park Grand Prix Circuit,Australia,Melbourne,-37.8497,144.968,hamilton,Lewis Hamilton,British,mclaren,McLaren,1,hamilton,Lewis Hamilton,McLaren,qualifying,True
2008,2,2008-03-23,Malaysian Grand Prix,sepang,Sepang International Circuit,Malaysia,Kuala Lumpur,2.76083,101.738,raikkonen,Kimi Räikkönen,Finnish,ferrari,Ferrari,2,massa,Felipe Massa,Ferrari,qualifying,False
2008,3,2008-04-06,Bahrain Grand Prix,bahrain,Bahrain International Circuit,Bahrain,Sakhir,26.0325,50.5106,massa,Felipe Massa,Brazilian,ferrari,Ferrari,2,kubica,Robert Kubica,BMW Sauber,qualifying,False
2008,4,2008-04-27,Spanish Grand Prix,catalunya,Circuit de Barcelona-Catalunya,Spain,Barcelona,41.57,2.26111,raikkonen,Kimi Räikkönen,Finnish,ferrari,Ferrari,1,raikkonen,Kimi Räikkönen,Ferrari,qualifying,True
2008,5,2008-05-11,Turkish Grand Prix,istanbul,Istanbul Park,Turkey,Istanbul,40.9517,29.405,massa,Felipe Massa,Brazilian,ferrari,Ferrari,1,massa,Felipe Massa,Ferrari,qualifying,True
2008,6,2008-05-25,Monaco Grand Prix,monaco,Circuit de Monaco,Monaco,Monte Carlo,43.7347,7.42056,hamilton,Lewis Hamilton,British,mclaren,McLaren,3,massa,Felipe Massa,Ferrari,qualifying,False
2008,7,2008-06-08,Canadian Grand Prix,villeneuve,Circuit Gilles Villeneuve,Canada,Montreal,45.5,-73.5228,kubica,Robert Kubica,Polish,bmw_sauber,BMW Sauber,2,hamilton,Lewis Hamilton,McLaren,qualifying,False
2008,8,2008-06-22,French Grand Prix,magny_cours,Circuit de Nevers Magny-Cours,France,Magny Cours,46.8642,3.16361,massa,Felipe Massa,Brazilian,ferrari,Ferrari,2,raikkonen,Kimi Räikkönen,Ferrari,qualifying,False
2008,9,2008-07-06,British Grand Prix,silverstone,Silverstone Circuit,UK,Silverstone,52.0786,-1.01694,hamilton,Lewis Hamilton,British,mclaren,McLaren,4,kovalainen,Heikki Kovalainen,McLaren,qualifying,False
2008,10,2008-07-20,German Grand Prix,hockenheimring,Hockenheimring,Germany,Hockenheim,49.3278,8.56583,hamilton,Lewis Hamilton,British,mclaren,McLaren,1,hamilton,Lewis Hamilton,McLaren,qualifying,True
2008,11,2008-08-03,Hungarian Grand Prix,hungaroring,Hungaroring,Hungary,Budapest,47.5789,19.2486,kovalainen,Heikki Kovalainen,Finnish,mclaren,McLaren,2,hamilton,Lewis Hamilton,McLaren,qualifying,False
2008,12,2008-08-24,European Grand Prix,valencia,Valencia Street Circuit,Spain,Valencia,39.4589,-0.331667,massa,Felipe Massa,Brazilian,ferrari,Ferrari,1,massa,Felipe Massa,Ferrari,qualifying,True
2008,13,2008-09-07,Belgian Grand Prix,spa,Circuit de Spa-Francorchamps,Belgium,Spa,50.4372,5.97139,massa,Felipe Massa,Brazilian,ferrari,Ferrari,2,hamilton,Lewis Hamilton,McLaren,qualifying,False
2008,14,2008-09-14,Italian Grand Prix,monza,Autodromo Nazionale di Monza,Italy,Monza,45.6156,9.28111,vettel,Sebastian Vettel,German,toro_rosso,Toro Rosso,1,vettel,Sebastian Vettel,Toro Rosso,qualifying,True
2008,15,2008-09-28,Singapore Grand Prix,marina_bay,Marina Bay Street Circuit,Singapore,Marina Bay,1.2914,103.864,alonso,Fernando Alonso,Spanish,renault,Renault,15,massa,Felipe Massa,Ferrari,qualifying,False
2008,16,2008-10-12,Japanese Grand Prix,fuji,Fuji Speedway,Japan,Oyama,35.3717,138.927,alonso,Fernando Alonso,Spanish,renault,Renault,4,hamilton,Lewis Hamilton,McLaren,qualifying,False
2008,17,2008-10-19,Chinese Grand Prix,shanghai,Shanghai International Circuit,China,Shanghai,31.3389,121.22,hamilton,Lewis Hamilton,British,mclaren,McLaren,1,hamilton,Lewis Hamilton,McLaren,qualifying,True
2008,18,2008-11-02,Brazilian Grand Prix,interlagos,Autódromo José Carlos Pace,Brazil,São Paulo,-23.7036,-46.6997,massa,Felipe Massa,Brazilian,ferrari,Ferrari,1,massa,Felipe Massa,Ferrari,qualifying,True
2009,1,2009-03-29,Australian Grand Prix,albert_park,Albert Park Grand Prix Circuit,Australia,Melbourne,-37.8497,144.968,button,Jenson Button,British,brawn,Brawn,1,button,Jenson Button,Brawn,qualifying,True
2009,2,2009-04-05,Malaysian Grand Prix,sepang,Sepang International Circuit,Malaysia,Kuala Lumpur,2.76083,101.738,button,Jenson Button,British,brawn,Brawn,1,button,Jenson Button,Brawn,qualifying,True
2009,3,2009-04-19,Chinese Grand Prix,shanghai,Shanghai International Circuit,China,Shanghai,31.3389,121.22,vettel,Sebastian Vettel,German,red_bull,Red Bull,1,vettel,Sebastian Vettel,Red Bull,qualifying,True
2009,4,2009-04-26,Bahrain Grand Prix,bahrain,Bahrain International Circuit,Bahrain,Sakhir,26.0325,50.5106,button,Jenson Button,British,brawn,Brawn,4,trulli,Jarno Trulli,Toyota,qualifying,False
2009,5,2009-05-10,Spanish Grand Prix,catalunya,Circuit de Barcelona-Catalunya,Spain,Barcelona,41.57,2.26111,button,Jenson Button,British,brawn,Brawn,1,button,Jenson Button,Brawn,qualifying,True
2009,6,2009-05-24,Monaco Grand Prix,monaco,Circuit de Monaco,Monaco,Monte Carlo,43.7347,7.42056,button,Jenson Button,British,brawn,Brawn,1,button,Jenson Button,Brawn,qualifying,True
2009,7,2009-06-07,Turkish Grand Prix,istanbul,Istanbul Park,Turkey,Istanbul,40.9517,29.405,button,Jenson Button,British,brawn,Brawn,2,vettel,Sebastian Vettel,Red Bull,qualifying,False
2009,8,2009-06-21,British Grand Prix,silverstone,Silverstone Circuit,UK,Silverstone,52.0786,-1.01694,vettel,Sebastian Vettel,German,red_bull,Red Bull,1,vettel,Sebastian Vettel,Red Bull,qualifying,True
2009,9,2009-07-12,German Grand Prix,nurburgring,Nürburgring,Germany,Nürburg,50.3356,6.9475,webber,Mark Webber,Australian,red_bull,Red Bull,1,webber,Mark Webber,Red Bull,qualifying,True
2009,10,2009-07-26,Hungarian Grand Prix,hungaroring,Hungaroring,Hungary,Budapest,47.5789,19.2486,hamilton,Lewis Hamilton,British,mclaren,McLaren,4,alonso,Fernando Alonso,Renault,qualifying,False
2009,11,2009-08-23,European Grand Prix,valencia,Valencia Street Circuit,Spain,Valencia,39.4589,-0.331667,barrichello,Rubens Barrichello,Brazilian,brawn,Brawn,3,hamilton,Lewis Hamilton,McLaren,qualifying,False
2009,12,2009-08-30,Belgian Grand Prix,spa,Circuit de Spa-Francorchamps,Belgium,Spa,50.4372,5.97139,raikkonen,Kimi Räikkönen,Finnish,ferrari,Ferrari,6,fisichella,Giancarlo Fisichella,Force India,qualifying,False
2009,13,2009-09-13,Italian Grand Prix,monza,Autodromo Nazionale di Monza,Italy,Monza,45.6156,9.28111,barrichello,Rubens Barrichello,Brazilian,brawn,Brawn,5,hamilton,Lewis Hamilton,McLaren,qualifying,False
2009,14,2009-09-27,Singapore Grand Prix,marina_bay,Marina Bay Street Circuit,Singapore,Marina Bay,1.2914,103.864,hamilton,Lewis Hamilton,British,mclaren,McLaren,1,hamilton,Lewis Hamilton,McLaren,qualifying,True
2009,15,2009-10-04,Japanese Grand Prix,suzuka,Suzuka Circuit,Japan,Suzuka,34.8431,136.541,vettel,Sebastian Vettel,German,red_bull,Red Bull,1,vettel,Sebastian Vettel,Red Bull,qualifying,True
2009,16,2009-10-18,Brazilian Grand Prix,interlagos,Autódromo José Carlos Pace,Brazil,São Paulo,-23.7036,-46.6997,webber,Mark Webber,Australian,red_bull,Red Bull,2,barrichello,Rubens Barrichello,Brawn,qualifying,False
2009,17,2009-11-01,Abu Dhabi Grand Prix,yas_marina,Yas Marina Circuit,UAE,Abu Dhabi,24.4672,54.6031,vettel,Sebastian Vettel,German,red_bull,Red Bull,2,hamilton,Lewis Hamilton,McLaren,qualifying,False
2010,1,2010-03-14,Bahrain Grand Prix,bahrain,Bahrain International Circuit,Bahrain,Sakhir,26.0325,50.5106,alonso,Fernando Alonso,Spanish,ferrari,Ferrari,3,vettel,Sebastian Vettel,Red Bull,qualifying,False
2010,2,2010-03-28,Australian Grand Prix,albert_park,Albert Park Grand Prix Circuit,Australia,Melbourne,-37.8497,144.968,button,Jenson Button,British,mclaren,McLaren,4,vettel,Sebastian Vettel,Red Bull,qualifying,False
2010,3,2010-04-04,Malaysian Grand Prix,sepang,Sepang International Circuit,Malaysia,Kuala Lumpur,2.76083,101.738,vettel,Sebastian Vettel,German,red_bull,Red Bull,3,webber,Mark Webber,Red Bull,qualifying,False
2010,4,2010-04-18,Chinese Grand Prix,shanghai,Shanghai International Circuit,China,Shanghai,31.3389,121.22,button,Jenson Button,British,mclaren,McLaren,5,vettel,Sebastian Vettel,Red Bull,qualifying,False
2010,5,2010-05-09,Spanish Grand Prix,catalunya,Circuit de Barcelona-Catalunya,Spain,Barcelona,41.57,2.26111,webber,Mark Webber,Australian,red_bull,Red Bull,1,webber,Mark Webber,Red Bull,qualifying,True
2010,6,2010-05-16,Monaco Grand Prix,monaco,Circuit de Monaco,Monaco,Monte Carlo,43.7347,7.42056,webber,Mark Webber,Australian,red_bull,Red Bull,1,webber,Mark Webber,Red Bull,qualifying,True
2010,7,2010-05-30,Turkish Grand Prix,istanbul,Istanbul Park,Turkey,Istanbul,40.9517,29.405,hamilton,Lewis Hamilton,British,mclaren,McLaren,2,webber,Mark Webber,Red Bull,qualifying,False
2010,8,2010-06-13,Canadian Grand Prix,villeneuve,Circuit Gilles Villeneuve,Canada,Montreal,45.5,-73.5228,hamilton,Lewis Hamilton,British,mclaren,McLaren,1,hamilton,Lewis Hamilton,McLaren,qualifying,True
2010,9,2010-06-27,European Grand Prix,valencia,Valencia Street Circuit,Spain,Valencia,39.4589,-0.331667,vettel,Sebastian Vettel,German,red_bull,Red Bull,1,vettel,Sebastian Vettel,Red Bull,qualifying,True
2010,10,2010-07-11,British Grand Prix,silverstone,Silverstone Circuit,UK,Silverstone,52.0786,-1.01694,webber,Mark Webber,Australian,red_bull,Red Bull,2,vettel,Sebastian Vettel,Red Bull,qualifying,False
2010,11,2010-07-25,German Grand Prix,hockenheimring,Hockenheimring,Germany,Hockenheim,49.3278,8.56583,alonso,Fernando Alonso,Spanish,ferrari,Ferrari,2,vettel,Sebastian Vettel,Red Bull,qualifying,False
2010,12,2010-08-01,Hungarian Grand Prix,hungaroring,Hungaroring,Hungary,Budapest,47.5789,19.2486,webber,Mark Webber,Australian,red_bull,Red Bull,2,vettel,Sebastian Vettel,Red Bull,qualifying,False
2010,13,2010-08-29,Belgian Grand Prix,spa,Circuit de Spa-Francorchamps,Belgium,Spa,50.4372,5.97139,hamilton,Lewis Hamilton,British,mclaren,McLaren,2,webber,Mark Webber,Red Bull,qualifying,False
2010,14,2010-09-12,Italian Grand Prix,monza,Autodromo Nazionale di Monza,Italy,Monza,45.6156,9.28111,alonso,Fernando Alonso,Spanish,ferrari,Ferrari,1,alonso,Fernando Alonso,Ferrari,qualifying,True
2010,15,2010-09-26,Singapore Grand Prix,marina_bay,Marina Bay Street Circuit,Singapore,Marina Bay,1.2914,103.864,alonso,Fernando Alonso,Spanish,ferrari,Ferrari,1,alonso,Fernando Alonso,Ferrari,qualifying,True
2010,16,2010-10-10,Japanese Grand Prix,suzuka,Suzuka Circuit,Japan,Suzuka,34.8431,136.541,vettel,Sebastian Vettel,German,red_bull,Red Bull,1,vettel,Sebastian Vettel,Red Bull,qualifying,True
2010,17,2010-10-24,Korean Grand Prix,yeongam,Korean International Circuit,Korea,Yeongam County,34.7333,126.417,alonso,Fernando Alonso,Spanish,ferrari,Ferrari,3,vettel,Sebastian Vettel,Red Bull,qualifying,False
2010,18,2010-11-07,Brazilian Grand Prix,interlagos,Autódromo José Carlos Pace,Brazil,São Paulo,-23.7036,-46.6997,vettel,Sebastian Vettel,German,red_bull,Red Bull,2,hulkenberg,Nico Hülkenberg,Williams,qualifying,False
2010,19,2010-11-14,Abu Dhabi Grand Prix,yas_marina,Yas Marina Circuit,UAE,Abu Dhabi,24.4672,54.6031,vettel,Sebastian Vettel,German,red_bull,Red Bull,1,vettel,Sebastian Vettel,Red Bull,qualifying,True
2011,1,2011-03-27,Australian Grand Prix,albert_park,Albert Park Grand Prix Circuit,Australia,Melbourne,-37.8497,144.968,vettel,Sebastian Vettel,German,red_bull,Red Bull,1,vettel,Sebastian Vettel,Red Bull,qualifying,True
2011,2,2011-04-10,Malaysian Grand Prix,sepang,Sepang International Circuit,Malaysia,Kuala Lumpur,2.76083,101.738,vettel,Sebastian Vettel,German,red_bull,Red Bull,1,vettel,Sebastian Vettel,Red Bull,qualifying,True
2011,3,2011-04-17,Chinese Grand Prix,shanghai,Shanghai International Circuit,China,Shanghai,31.3389,121.22,hamilton,Lewis Hamilton,British,mclaren,McLaren,3,vettel,Sebastian Vettel,Red Bull,qualifying,False
2011,4,2011-05-08,Turkish Grand Prix,istanbul,Istanbul Park,Turkey,Istanbul,40.9517,29.405,vettel,Sebastian Vettel,German,red_bull,Red Bull,1,vettel,Sebastian Vettel,Red Bull,qualifying,True
2011,5,2011-05-22,Spanish Grand Prix,catalunya,Circuit de Barcelona-Catalunya,Spain,Barcelona,41.57,2.26111,vettel,Sebastian Vettel,German,red_bull,Red Bull,2,webber,Mark Webber,Red Bull,qualifying,False
2011,6,2011-05-29,Monaco Grand Prix,monaco,Circuit de Monaco,Monaco,Monte Carlo,43.7347,7.42056,vettel,Sebastian Vettel,German,red_bull,Red Bull,1,vettel,Sebastian Vettel,Red Bull,qualifying,True
2011,7,2011-06-12,Canadian Grand Prix,villeneuve,Circuit Gilles Villeneuve,Canada,Montreal,45.5,-73.5228,button,Jenson Button,British,mclaren,McLaren,7,vettel,Sebastian Vettel,Red Bull,qualifying,False
2011,8,2011-06-26,European Grand Prix,valencia,Valencia Street Circuit,Spain,Valencia,39.4589,-0.331667,vettel,Sebastian Vettel,German,red_bull,Red Bull,1,vettel,Sebastian Vettel,Red Bull,qualifying,True
2011,9,2011-07-10,British Grand Prix,silverstone,Silverstone Circuit,UK,Silverstone,52.0786,-1.01694,alonso,Fernando Alonso,Spanish,ferrari,Ferrari,3,webber,Mark Webber,Red Bull,qualifying,False
2011,10,2011-07-24,German Grand Prix,nurburgring,Nürburgring,Germany,Nürburg,50.3356,6.9475,hamilton,Lewis Hamilton,British,mclaren,McLaren,2,webber,Mark Webber,Red Bull,qualifying,False
2011,11,2011-07-31,Hungarian Grand Prix,hungaroring,Hungaroring,Hungary,Budapest,47.5789,19.2486,button,Jenson Button,British,mclaren,McLaren,3,vettel,Sebastian Vettel,Red Bull,qualifying,False
2011,12,2011-08-28,Belgian Grand Prix,spa,Circuit de Spa-Francorchamps,Belgium,Spa,50.4372,5.97139,vettel,Sebastian Vettel,German,red_bull,Red Bull,1,vettel,Sebastian Vettel,Red Bull,qualifying,True
2011,13,2011-09-11,Italian Grand Prix,monza,Autodromo Nazionale di Monza,Italy,Monza,45.6156,9.28111,vettel,Sebastian Vettel,German,red_bull,Red Bull,1,vettel,Sebastian Vettel,Red Bull,qualifying,True
2011,14,2011-09-25,Singapore Grand Prix,marina_bay,Marina Bay Street Circuit,Singapore,Marina Bay,1.2914,103.864,vettel,Sebastian Vettel,German,red_bull,Red Bull,1,vettel,Sebastian Vettel,Red Bull,qualifying,True
2011,15,2011-10-09,Japanese Grand Prix,suzuka,Suzuka Circuit,Japan,Suzuka,34.8431,136.541,button,Jenson Button,British,mclaren,McLaren,2,vettel,Sebastian Vettel,Red Bull,qualifying,False
2011,16,2011-10-16,Korean Grand Prix,yeongam,Korean International Circuit,Korea,Yeongam County,34.7333,126.417,vettel,Sebastian Vettel,German,red_bull,Red Bull,2,hamilton,Lewis Hamilton,McLaren,qualifying,False
2011,17,2011-10-30,Indian Grand Prix,buddh,Buddh International Circuit,India,Uttar Pradesh,28.3487,77.5331,vettel,Sebastian Vettel,German,red_bull,Red Bull,1,vettel,Sebastian Vettel,Red Bull,qualifying,True
2011,18,2011-11-13,Abu Dhabi Grand Prix,yas_marina,Yas Marina Circuit,UAE,Abu Dhabi,24.4672,54.6031,hamilton,Lewis Hamilton,British,mclaren,McLaren,2,vettel,Sebastian Vettel,Red Bull,qualifying,False
2011,19,2011-11-27,Brazilian Grand Prix,interlagos,Autódromo José Carlos Pace,Brazil,São Paulo,-23.7036,-46.6997,webber,Mark Webber,Australian,red_bull,Red Bull,2,vettel,Sebastian Vettel,Red Bull,qualifying,False
2012,1,2012-03-18,Australian Grand Prix,albert_park,Albert Park Grand Prix Circuit,Australia,Melbourne,-37.8497,144.968,button,Jenson Button,British,mclaren,McLaren,2,hamilton,Lewis Hamilton,McLaren,qualifying,False
2012,2,2012-03-25,Malaysian Grand Prix,sepang,Sepang International Circuit,Malaysia,Kuala Lumpur,2.76083,101.738,alonso,Fernando Alonso,Spanish,ferrari,Ferrari,8,hamilton,Lewis Hamilton,McLaren,qualifying,False
2012,3,2012-04-15,Chinese Grand Prix,shanghai,Shanghai International Circuit,China,Shanghai,31.3389,121.22,rosberg,Nico Rosberg,German,mercedes,Mercedes,1,rosberg,Nico Rosberg,Mercedes,qualifying,True
2012,4,2012-04-22,Bahrain Grand Prix,bahrain,Bahrain International Circuit,Bahrain,Sakhir,26.0325,50.5106,vettel,Sebastian Vettel,German,red_bull,Red Bull,1,vettel,Sebastian Vettel,Red Bull,qualifying,True
2012,5,2012-05-13,Spanish Grand Prix,catalunya,Circuit de Barcelona-Catalunya,Spain,Barcelona,41.57,2.26111,maldonado,Pastor Maldonado,Venezuelan,williams,Williams,1,hamilton,Lewis Hamilton,McLaren,qualifying,False
2012,6,2012-05-27,Monaco Grand Prix,monaco,Circuit de Monaco,Monaco,Monte Carlo,43.7347,7.42056,webber,Mark Webber,Australian,red_bull,Red Bull,1,michael_schumacher,Michael Schumacher,Mercedes,qualifying,False
2012,7,2012-06-10,Canadian Grand Prix,villeneuve,Circuit Gilles Villeneuve,Canada,Montreal,45.5,-73.5228,hamilton,Lewis Hamilton,British,mclaren,McLaren,2,vettel,Sebastian Vettel,Red Bull,qualifying,False
2012,8,2012-06-24,European Grand Prix,valencia,Valencia Street Circuit,Spain,Valencia,39.4589,-0.331667,alonso,Fernando Alonso,Spanish,ferrari,Ferrari,11,vettel,Sebastian Vettel,Red Bull,qualifying,False
2012,9,2012-07-08,British Grand Prix,silverstone,Silverstone Circuit,UK,Silverstone,52.0786,-1.01694,webber,Mark Webber,Australian,red_bull,Red Bull,2,alonso,Fernando Alonso,Ferrari,qualifying,False
2012,10,2012-07-22,German Grand Prix,hockenheimring,Hockenheimring,Germany,Hockenheim,49.3278,8.56583,alonso,Fernando Alonso,Spanish,ferrari,Ferrari,1,alonso,Fernando Alonso,Ferrari,qualifying,True
2012,11,2012-07-29,Hungarian Grand Prix,hungaroring,Hungaroring,Hungary,Budapest,47.5789,19.2486,hamilton,Lewis Hamilton,British,mclaren,McLaren,1,hamilton,Lewis Hamilton,McLaren,qualifying,True
2012,12,2012-09-02,Belgian Grand Prix,spa,Circuit de Spa-Francorchamps,Belgium,Spa,50.4372,5.97139,button,Jenson Button,British,mclaren,McLaren,1,button,Jenson Button,McLaren,qualifying,True
2012,13,2012-09-09,Italian Grand Prix,monza,Autodromo Nazionale di Monza,Italy,Monza,45.6156,9.28111,hamilton,Lewis Hamilton,British,mclaren,McLaren,1,hamilton,Lewis Hamilton,McLaren,qualifying,True
2012,14,2012-09-23,Singapore Grand Prix,marina_bay,Marina Bay Street Circuit,Singapore,Marina Bay,1.2914,103.864,vettel,Sebastian Vettel,German,red_bull,Red Bull,3,hamilton,Lewis Hamilton,McLaren,qualifying,False
2012,15,2012-10-07,Japanese Grand Prix,suzuka,Suzuka Circuit,Japan,Suzuka,34.8431,136.541,vettel,Sebastian Vettel,German,red_bull,Red Bull,1,vettel,Sebastian Vettel,Red Bull,qualifying,True
2012,16,2012-10-14,Korean Grand Prix,yeongam,Korean International Circuit,Korea,Yeongam County,34.7333,126.417,vettel,Sebastian Vettel,German,red_bull,Red Bull,2,webber,Mark Webber,Red Bull,qualifying,False
2012,17,2012-10-28,Indian Grand Prix,buddh,Buddh International Circuit,India,Uttar Pradesh,28.3487,77.5331,vettel,Sebastian Vettel,German,red_bull,Red Bull,1,vettel,Sebastian Vettel,Red Bull,qualifying,True
2012,18,2012-11-04,Abu Dhabi Grand Prix,yas_marina,Yas Marina Circuit,UAE,Abu Dhabi,24.4672,54.6031,raikkonen,Kimi Räikkönen,Finnish,lotus_f1,Lotus F1,4,hamilton,Lewis Hamilton,McLaren,qualifying,False
2012,19,2012-11-18,United States Grand Prix,americas,Circuit of the Americas,USA,Austin,30.1328,-97.6411,hamilton,Lewis Hamilton,British,mclaren,McLaren,2,vettel,Sebastian Vettel,Red Bull,qualifying,False
2012,20,2012-11-25,Brazilian Grand Prix,interlagos,Autódromo José Carlos Pace,Brazil,São Paulo,-23.7036,-46.6997,button,Jenson Button,British,mclaren,McLaren,2,hamilton,Lewis Hamilton,McLaren,qualifying,False
2013,1,2013-03-17,Australian Grand Prix,albert_park,Albert Park Grand Prix Circuit,Australia,Melbourne,-37.8497,144.968,raikkonen,Kimi Räikkönen,Finnish,lotus_f1,Lotus F1,7,vettel,Sebastian Vettel,Red Bull,qualifying,False
2013,2,2013-03-24,Malaysian Grand Prix,sepang,Sepang International Circuit,Malaysia,Kuala Lumpur,2.76083,101.738,vettel,Sebastian Vettel,German,red_bull,Red Bull,1,vettel,Sebastian Vettel,Red Bull,qualifying,True
2013,3,2013-04-14,Chinese Grand Prix,shanghai,Shanghai International Circuit,China,Shanghai,31.3389,121.22,alonso,Fernando Alonso,Spanish,ferrari,Ferrari,3,hamilton,Lewis Hamilton,Mercedes,qualifying,False
2013,4,2013-04-21,Bahrain Grand Prix,bahrain,Bahrain International Circuit,Bahrain,Sakhir,26.0325,50.5106,vettel,Sebastian Vettel,German,red_bull,Red Bull,2,rosberg,Nico Rosberg,Mercedes,qualifying,False
2013,5,2013-05-12,Spanish Grand Prix,catalunya,Circuit de Barcelona-Catalunya,Spain,Barcelona,41.57,2.26111,alonso,Fernando Alonso,Spanish,ferrari,Ferrari,5,rosberg,Nico Rosberg,Mercedes,qualifying,False
2013,6,2013-05-26,Monaco Grand Prix,monaco,Circuit de Monaco,Monaco,Monte Carlo,43.7347,7.42056,rosberg,Nico Rosberg,German,mercedes,Mercedes,1,rosberg,Nico Rosberg,Mercedes,qualifying,True
2013,7,2013-06-09,Canadian Grand Prix,villeneuve,Circuit Gilles Villeneuve,Canada,Montreal,45.5,-73.5228,vettel,Sebastian Vettel,German,red_bull,Red Bull,1,vettel,Sebastian Vettel,Red Bull,qualifying,True
2013,8,2013-06-30,British Grand Prix,silverstone,Silverstone Circuit,UK,Silverstone,52.0786,-1.01694,rosberg,Nico Rosberg,German,mercedes,Mercedes,2,hamilton,Lewis Hamilton,Mercedes,qualifying,False
2013,9,2013-07-07,German Grand Prix,nurburgring,Nürburgring,Germany,Nürburg,50.3356,6.9475,vettel,Sebastian Vettel,German,red_bull,Red Bull,2,hamilton,Lewis Hamilton,Mercedes,qualifying,False
2013,10,2013-07-28,Hungarian Grand Prix,hungaroring,Hungaroring,Hungary,Budapest,47.5789,19.2486,hamilton,Lewis Hamilton,British,mercedes,Mercedes,1,hamilton,Lewis Hamilton,Mercedes,qualifying,True
2013,11,2013-08-25,Belgian Grand Prix,spa,Circuit de Spa-Francorchamps,Belgium,Spa,50.4372,5.97139,vettel,Sebastian Vettel,German,red_bull,Red Bull,2,hamilton,Lewis Hamilton,Mercedes,qualifying,False
2013,12,2013-09-08,Italian Grand Prix,monza,Autodromo Nazionale di Monza,Italy,Monza,45.6156,9.28111,vettel,Sebastian Vettel,German,red_bull,Red Bull,1,vettel,Sebastian Vettel,Red Bull,qualifying,True
2013,13,2013-09-22,Singapore Grand Prix,marina_bay,Marina Bay Street Circuit,Singapore,Marina Bay,1.2914,103.864,vettel,Sebastian Vettel,German,red_bull,Red Bull,1,vettel,Sebastian Vettel,Red Bull,qualifying,True
2013,14,2013-10-06,Korean Grand Prix,yeongam,Korean International Circuit,Korea,Yeongam County,34.7333,126.417,vettel,Sebastian Vettel,German,red_bull,Red Bull,1,vettel,Sebastian Vettel,Red Bull,qualifying,True
2013,15,2013-10-13,Japanese Grand Prix,suzuka,Suzuka Circuit,Japan,Suzuka,34.8431,136.541,vettel,Sebastian Vettel,German,red_bull,Red Bull,2,webber,Mark Webber,Red Bull,qualifying,False
2013,16,2013-10-27,Indian Grand Prix,buddh,Buddh International Circuit,India,Uttar Pradesh,28.3487,77.5331,vettel,Sebastian Vettel,German,red_bull,Red Bull,1,vettel,Sebastian Vettel,Red Bull,qualifying,True
2013,17,2013-11-03,Abu Dhabi Grand Prix,yas_marina,Yas Marina Circuit,UAE,Abu Dhabi,24.4672,54.6031,vettel,Sebastian Vettel,German,red_bull,Red Bull,2,webber,Mark Webber,Red Bull,qualifying,False
2013,18,2013-11-17,United States Grand Prix,americas,Circuit of the Americas,USA,Austin,30.1328,-97.6411,vettel,Sebastian Vettel,German,red_bull,Red Bull,1,vettel,Sebastian Vettel,Red Bull,qualifying,True
2013,19,2013-11-24,Brazilian Grand Prix,interlagos,Autódromo José Carlos Pace,Brazil,São Paulo,-23.7036,-46.6997,vettel,Sebastian Vettel,German,red_bull,Red Bull,1,vettel,Sebastian Vettel,Red Bull,qualifying,True
2014,1,2014-03-16,Australian Grand Prix,albert_park,Albert Park Grand Prix Circuit,Australia,Melbourne,-37.8497,144.968,rosberg,Nico Rosberg,German,mercedes,Mercedes,3,hamilton,Lewis Hamilton,Mercedes,qualifying,False
2014,2,2014-03-30,Malaysian Grand Prix,sepang,Sepang International Circuit,Malaysia,Kuala Lumpur,2.76083,101.738,hamilton,Lewis Hamilton,British,mercedes,Mercedes,1,hamilton,Lewis Hamilton,Mercedes,qualifying,True
2014,3,2014-04-06,Bahrain Grand Prix,bahrain,Bahrain International Circuit,Bahrain,Sakhir,26.0325,50.5106,hamilton,Lewis Hamilton,British,mercedes,Mercedes,2,rosberg,Nico Rosberg,Mercedes,qualifying,False
2014,4,2014-04-20,Chinese Grand Prix,shanghai,Shanghai International Circuit,China,Shanghai,31.3389,121.22,hamilton,Lewis Hamilton,British,mercedes,Mercedes,1,hamilton,Lewis Hamilton,Mercedes,qualifying,True
2014,5,2014-05-11,Spanish Grand Prix,catalunya,Circuit de Barcelona-Catalunya,Spain,Barcelona,41.57,2.26111,hamilton,Lewis Hamilton,British,mercedes,Mercedes,1,hamilton,Lewis Hamilton,Mercedes,qualifying,True
2014,6,2014-05-25,Monaco Grand Prix,monaco,Circuit de Monaco,Monaco,Monte Carlo,43.7347,7.42056,rosberg,Nico Rosberg,German,mercedes,Mercedes,1,rosberg,Nico Rosberg,Mercedes,qualifying,True
2014,7,2014-06-08,Canadian Grand Prix,villeneuve,Circuit Gilles Villeneuve,Canada,Montreal,45.5,-73.5228,ricciardo,Daniel Ricciardo,Australian,red_bull,Red Bull,6,rosberg,Nico Rosberg,Mercedes,qualifying,False
2014,8,2014-06-22,Austrian Grand Prix,red_bull_ring,Red Bull Ring,Austria,Spielberg,47.2197,14.7647,rosberg,Nico Rosberg,German,mercedes,Mercedes,3,massa,Felipe Massa,Williams,qualifying,False
2014,9,2014-07-06,British Grand Prix,silverstone,Silverstone Circuit,UK,Silverstone,52.0786,-1.01694,hamilton,Lewis Hamilton,British,mercedes,Mercedes,6,rosberg,Nico Rosberg,Mercedes,qualifying,False
2014,10,2014-07-20,German Grand Prix,hockenheimring,Hockenheimring,Germany,Hockenheim,49.3278,8.56583,rosberg,Nico Rosberg,German,mercedes,Mercedes,1,rosberg,Nico Rosberg,Mercedes,qualifying,True
2014,11,2014-07-27,Hungarian Grand Prix,hungaroring,Hungaroring,Hungary,Budapest,47.5789,19.2486,ricciardo,Daniel Ricciardo,Australian,red_bull,Red Bull,4,rosberg,Nico Rosberg,Mercedes,qualifying,False
2014,12,2014-08-24,Belgian Grand Prix,spa,Circuit de Spa-Francorchamps,Belgium,Spa,50.4372,5.97139,ricciardo,Daniel Ricciardo,Australian,red_bull,Red Bull,5,rosberg,Nico Rosberg,Mercedes,qualifying,False
2014,13,2014-09-07,Italian Grand Prix,monza,Autodromo Nazionale di Monza,Italy,Monza,45.6156,9.28111,hamilton,Lewis Hamilton,British,mercedes,Mercedes,1,hamilton,Lewis Hamilton,Mercedes,qualifying,True
2014,14,2014-09-21,Singapore Grand Prix,marina_bay,Marina Bay Street Circuit,Singapore,Marina Bay,1.2914,103.864,hamilton,Lewis Hamilton,British,mercedes,Mercedes,1,hamilton,Lewis Hamilton,Mercedes,qualifying,True
2014,15,2014-10-05,Japanese Grand Prix,suzuka,Suzuka Circuit,Japan,Suzuka,34.8431,136.541,hamilton,Lewis Hamilton,British,mercedes,Mercedes,2,rosberg,Nico Rosberg,Mercedes,qualifying,False
2014,16,2014-10-12,Russian Grand Prix,sochi,Sochi Autodrom,Russia,Sochi,43.4057,39.9578,hamilton,Lewis Hamilton,British,mercedes,Mercedes,1,hamilton,Lewis Hamilton,Mercedes,qualifying,True
2014,17,2014-11-02,United States Grand Prix,americas,Circuit of the Americas,USA,Austin,30.1328,-97.6411,hamilton,Lewis Hamilton,British,mercedes,Mercedes,2,rosberg,Nico Rosberg,Mercedes,qualifying,False
2014,18,2014-11-09,Brazilian Grand Prix,interlagos,Autódromo José Carlos Pace,Brazil,São Paulo,-23.7036,-46.6997,rosberg,Nico Rosberg,German,mercedes,Mercedes,1,rosberg,Nico Rosberg,Mercedes,qualifying,True
2014,19,2014-11-23,Abu Dhabi Grand Prix,yas_marina,Yas Marina Circuit,UAE,Abu Dhabi,24.4672,54.6031,hamilton,Lewis Hamilton,British,mercedes,Mercedes,2,rosberg,Nico Rosberg,Mercedes,qualifying,False
2015,1,2015-03-15,Australian Grand Prix,albert_park,Albert Park Grand Prix Circuit,Australia,Melbourne,-37.8497,144.968,hamilton,Lewis Hamilton,British,mercedes,Mercedes,1,hamilton,Lewis Hamilton,Mercedes,qualifying,True
2015,2,2015-03-29,Malaysian Grand Prix,sepang,Sepang International Circuit,Malaysia,Kuala Lumpur,2.76083,101.738,vettel,Sebastian Vettel,German,ferrari,Ferrari,2,hamilton,Lewis Hamilton,Mercedes,qualifying,False
2015,3,2015-04-12,Chinese Grand Prix,shanghai,Shanghai International Circuit,China,Shanghai,31.3389,121.22,hamilton,Lewis Hamilton,British,mercedes,Mercedes,1,hamilton,Lewis Hamilton,Mercedes,qualifying,True
2015,4,2015-04-19,Bahrain Grand Prix,bahrain,Bahrain International Circuit,Bahrain,Sakhir,26.0325,50.5106,hamilton,Lewis Hamilton,British,mercedes,Mercedes,1,hamilton,Lewis Hamilton,Mercedes,qualifying,True
2015,5,2015-05-10,Spanish Grand Prix,catalunya,Circuit de Barcelona-Catalunya,Spain,Barcelona,41.57,2.26111,rosberg,Nico Rosberg,German,mercedes,Mercedes,1,rosberg,Nico Rosberg,Mercedes,qualifying,True
2015,6,2015-05-24,Monaco Grand Prix,monaco,Circuit de Monaco,Monaco,Monte Carlo,43.7347,7.42056,rosberg,Nico Rosberg,German,mercedes,Mercedes,2,hamilton,Lewis Hamilton,Mercedes,qualifying,False
2015,7,2015-06-07,Canadian Grand Prix,villeneuve,Circuit Gilles Villeneuve,Canada,Montreal,45.5,-73.5228,hamilton,Lewis Hamilton,British,mercedes,Mercedes,1,hamilton,Lewis Hamilton,Mercedes,qualifying,True
2015,8,2015-06-21,Austrian Grand Prix,red_bull_ring,Red Bull Ring,Austria,Spielberg,47.2197,14.7647,rosberg,Nico Rosberg,German,mercedes,Mercedes,2,hamilton,Lewis Hamilton,Mercedes,qualifying,False
2015,9,2015-07-05,British Grand Prix,silverstone,Silverstone Circuit,UK,Silverstone,52.0786,-1.01694,hamilton,Lewis Hamilton,British,mercedes,Mercedes,1,hamilton,Lewis Hamilton,Mercedes,qualifying,True
2015,10,2015-07-26,Hungarian Grand Prix,hungaroring,Hungaroring,Hungary,Budapest,47.5789,19.2486,vettel,Sebastian Vettel,German,ferrari,Ferrari,3,hamilton,Lewis Hamilton,Mercedes,qualifying,False
2015,11,2015-08-23,Belgian Grand Prix,spa,Circuit de Spa-Francorchamps,Belgium,Spa,50.4372,5.97139,hamilton,Lewis Hamilton,British,mercedes,Mercedes,1,hamilton,Lewis Hamilton,Mercedes,qualifying,True
2015,12,2015-09-06,Italian Grand Prix,monza,Autodromo Nazionale di Monza,Italy,Monza,45.6156,9.28111,hamilton,Lewis Hamilton,British,mercedes,Mercedes,1,hamilton,Lewis Hamilton,Mercedes,qualifying,True
2015,13,2015-09-20,Singapore Grand Prix,marina_bay,Marina Bay Street Circuit,Singapore,Marina Bay,1.2914,103.864,vettel,Sebastian Vettel,German,ferrari,Ferrari,1,vettel,Sebastian Vettel,Ferrari,qualifying,True
2015,14,2015-09-27,Japanese Grand Prix,suzuka,Suzuka Circuit,Japan,Suzuka,34.8431,136.541,hamilton,Lewis Hamilton,British,mercedes,Mercedes,2,rosberg,Nico Rosberg,Mercedes,qualifying,False
2015,15,2015-10-11,Russian Grand Prix,sochi,Sochi Autodrom,Russia,Sochi,43.4057,39.9578,hamilton,Lewis Hamilton,British,mercedes,Mercedes,2,rosberg,Nico Rosberg,Mercedes,qualifying,False
2015,16,2015-10-25,United States Grand Prix,americas,Circuit of the Americas,USA,Austin,30.1328,-97.6411,hamilton,Lewis Hamilton,British,mercedes,Mercedes,2,rosberg,Nico Rosberg,Mercedes,qualifying,False
2015,17,2015-11-01,Mexican Grand Prix,rodriguez,Autódromo Hermanos Rodríguez,Mexico,Mexico City,19.4042,-99.0907,rosberg,Nico Rosberg,German,mercedes,Mercedes,1,rosberg,Nico Rosberg,Mercedes,qualifying,True
2015,18,2015-11-15,Brazilian Grand Prix,interlagos,Autódromo José Carlos Pace,Brazil,São Paulo,-23.7036,-46.6997,rosberg,Nico Rosberg,German,mercedes,Mercedes,1,rosberg,Nico Rosberg,Mercedes,qualifying,True
2015,19,2015-11-29,Abu Dhabi Grand Prix,yas_marina,Yas Marina Circuit,UAE,Abu Dhabi,24.4672,54.6031,rosberg,Nico Rosberg,German,mercedes,Mercedes,1,rosberg,Nico Rosberg,Mercedes,qualifying,True
2016,1,2016-03-20,Australian Grand Prix,albert_park,Albert Park Grand Prix Circuit,Australia,Melbourne,-37.8497,144.968,rosberg,Nico Rosberg,German,mercedes,Mercedes,2,hamilton,Lewis Hamilton,Mercedes,qualifying,False
2016,2,2016-04-03,Bahrain Grand Prix,bahrain,Bahrain International Circuit,Bahrain,Sakhir,26.0325,50.5106,rosberg,Nico Rosberg,German,mercedes,Mercedes,2,hamilton,Lewis Hamilton,Mercedes,qualifying,False
2016,3,2016-04-17,Chinese Grand Prix,shanghai,Shanghai International Circuit,China,Shanghai,31.3389,121.22,rosberg,Nico Rosberg,German,mercedes,Mercedes,1,rosberg,Nico Rosberg,Mercedes,qualifying,True
2016,4,2016-05-01,Russian Grand Prix,sochi,Sochi Autodrom,Russia,Sochi,43.4057,39.9578,rosberg,Nico Rosberg,German,mercedes,Mercedes,1,rosberg,Nico Rosberg,Mercedes,qualifying,True
2016,5,2016-05-15,Spanish Grand Prix,catalunya,Circuit de Barcelona-Catalunya,Spain,Barcelona,41.57,2.26111,max_verstappen,Max Verstappen,Dutch,red_bull,Red Bull,4,hamilton,Lewis Hamilton,Mercedes,qualifying,False
2016,6,2016-05-29,Monaco Grand Prix,monaco,Circuit de Monaco,Monaco,Monte Carlo,43.7347,7.42056,hamilton,Lewis Hamilton,British,mercedes,Mercedes,3,ricciardo,Daniel Ricciardo,Red Bull,qualifying,False
2016,7,2016-06-12,Canadian Grand Prix,villeneuve,Circuit Gilles Villeneuve,Canada,Montreal,45.5,-73.5228,hamilton,Lewis Hamilton,British,mercedes,Mercedes,1,hamilton,Lewis Hamilton,Mercedes,qualifying,True
2016,8,2016-06-19,European Grand Prix,baku,Baku City Circuit,Azerbaijan,Baku,40.3725,49.8533,rosberg,Nico Rosberg,German,mercedes,Mercedes,1,rosberg,Nico Rosberg,Mercedes,qualifying,True
2016,9,2016-07-03,Austrian Grand Prix,red_bull_ring,Red Bull Ring,Austria,Spielberg,47.2197,14.7647,hamilton,Lewis Hamilton,British,mercedes,Mercedes,1,hamilton,Lewis Hamilton,Mercedes,qualifying,True
2016,10,2016-07-10,British Grand Prix,silverstone,Silverstone Circuit,UK,Silverstone,52.0786,-1.01694,hamilton,Lewis Hamilton,British,mercedes,Mercedes,1,hamilton,Lewis Hamilton,Mercedes,qualifying,True
2016,11,2016-07-24,Hungarian Grand Prix,hungaroring,Hungaroring,Hungary,Budapest,47.5789,19.2486,hamilton,Lewis Hamilton,British,mercedes,Mercedes,2,rosberg,Nico Rosberg,Mercedes,qualifying,False
2016,12,2016-07-31,German Grand Prix,hockenheimring,Hockenheimring,Germany,Hockenheim,49.3278,8.56583,hamilton,Lewis Hamilton,British,mercedes,Mercedes,2,rosberg,Nico Rosberg,Mercedes,qualifying,False
2016,13,2016-08-28,Belgian Grand Prix,spa,Circuit de Spa-Francorchamps,Belgium,Spa,50.4372,5.97139,rosberg,Nico Rosberg,German,mercedes,Mercedes,1,rosberg,Nico Rosberg,Mercedes,qualifying,True
2016,14,2016-09-04,Italian Grand Prix,monza,Autodromo Nazionale di Monza,Italy,Monza,45.6156,9.28111,rosberg,Nico Rosberg,German,mercedes,Mercedes,2,hamilton,Lewis Hamilton,Mercedes,qualifying,False
2016,15,2016-09-18,Singapore Grand Prix,marina_bay,Marina Bay Street Circuit,Singapore,Marina Bay,1.2914,103.864,rosberg,Nico Rosberg,German,mercedes,Mercedes,1,rosberg,Nico Rosberg,Mercedes,qualifying,True
2016,16,2016-10-02,Malaysian Grand Prix,sepang,Sepang International Circuit,Malaysia,Kuala Lumpur,2.76083,101.738,ricciardo,Daniel Ricciardo,Australian,red_bull,Red Bull,4,hamilton,Lewis Hamilton,Mercedes,qualifying,False
2016,17,2016-10-09,Japanese Grand Prix,suzuka,Suzuka Circuit,Japan,Suzuka,34.8431,136.541,rosberg,Nico Rosberg,German,mercedes,Mercedes,1,rosberg,Nico Rosberg,Mercedes,qualifying,True
2016,18,2016-10-23,United States Grand Prix,americas,Circuit of the Americas,USA,Austin,30.1328,-97.6411,hamilton,Lewis Hamilton,British,mercedes,Mercedes,1,hamilton,Lewis Hamilton,Mercedes,qualifying,True
2016,19,2016-10-30,Mexican Grand Prix,rodriguez,Autódromo Hermanos Rodríguez,Mexico,Mexico City,19.4042,-99.0907,hamilton,Lewis Hamilton,British,mercedes,Mercedes,1,hamilton,Lewis Hamilton,Mercedes,qualifying,True
2016,20,2016-11-13,Brazilian Grand Prix,interlagos,Autódromo José Carlos Pace,Brazil,São Paulo,-23.7036,-46.6997,hamilton,Lewis Hamilton,British,mercedes,Mercedes,1,hamilton,Lewis Hamilton,Mercedes,qualifying,True
2016,21,2016-11-27,Abu Dhabi Grand Prix,yas_marina,Yas Marina Circuit,UAE,Abu Dhabi,24.4672,54.6031,hamilton,Lewis Hamilton,British,mercedes,Mercedes,1,hamilton,Lewis Hamilton,Mercedes,qualifying,True
2017,1,2017-03-26,Australian Grand Prix,albert_park,Albert Park Grand Prix Circuit,Australia,Melbourne,-37.8497,144.968,vettel,Sebastian Vettel,German,ferrari,Ferrari,2,hamilton,Lewis Hamilton,Mercedes,qualifying,False
2017,2,2017-04-09,Chinese Grand Prix,shanghai,Shanghai International Circuit,China,Shanghai,31.3389,121.22,hamilton,Lewis Hamilton,British,mercedes,Mercedes,1,hamilton,Lewis Hamilton,Mercedes,qualifying,True
2017,3,2017-04-16,Bahrain Grand Prix,bahrain,Bahrain International Circuit,Bahrain,Sakhir,26.0325,50.5106,vettel,Sebastian Vettel,German,ferrari,Ferrari,3,bottas,Valtteri Bottas,Mercedes,qualifying,False
2017,4,2017-04-30,Russian Grand Prix,sochi,Sochi Autodrom,Russia,Sochi,43.4057,39.9578,bottas,Valtteri Bottas,Finnish,mercedes,Mercedes,3,vettel,Sebastian Vettel,Ferrari,qualifying,False
2017,5,2017-05-14,Spanish Grand Prix,catalunya,Circuit de Barcelona-Catalunya,Spain,Barcelona,41.57,2.26111,hamilton,Lewis Hamilton,British,mercedes,Mercedes,1,hamilton,Lewis Hamilton,Mercedes,qualifying,True
2017,6,2017-05-28,Monaco Grand Prix,monaco,Circuit de Monaco,Monaco,Monte Carlo,43.7347,7.42056,vettel,Sebastian Vettel,German,ferrari,Ferrari,2,raikkonen,Kimi Räikkönen,Ferrari,qualifying,False
2017,7,2017-06-11,Canadian Grand Prix,villeneuve,Circuit Gilles Villeneuve,Canada,Montreal,45.5,-73.5228,hamilton,Lewis Hamilton,British,mercedes,Mercedes,1,hamilton,Lewis Hamilton,Mercedes,qualifying,True
2017,8,2017-06-25,Azerbaijan Grand Prix,baku,Baku City Circuit,Azerbaijan,Baku,40.3725,49.8533,ricciardo,Daniel Ricciardo,Australian,red_bull,Red Bull,10,hamilton,Lewis Hamilton,Mercedes,qualifying,False
2017,9,2017-07-09,Austrian Grand Prix,red_bull_ring,Red Bull Ring,Austria,Spielberg,47.2197,14.7647,bottas,Valtteri Bottas,Finnish,mercedes,Mercedes,1,bottas,Valtteri Bottas,Mercedes,qualifying,True
2017,10,2017-07-16,British Grand Prix,silverstone,Silverstone Circuit,UK,Silverstone,52.0786,-1.01694,hamilton,Lewis Hamilton,British,mercedes,Mercedes,1,hamilton,Lewis Hamilton,Mercedes,qualifying,True
2017,11,2017-07-30,Hungarian Grand Prix,hungaroring,Hungaroring,Hungary,Budapest,47.5789,19.2486,vettel,Sebastian Vettel,German,ferrari,Ferrari,1,vettel,Sebastian Vettel,Ferrari,qualifying,True
2017,12,2017-08-27,Belgian Grand Prix,spa,Circuit de Spa-Francorchamps,Belgium,Spa,50.4372,5.97139,hamilton,Lewis Hamilton,British,mercedes,Mercedes,1,hamilton,Lewis Hamilton,Mercedes,qualifying,True
2017,13,2017-09-03,Italian Grand Prix,monza,Autodromo Nazionale di Monza,Italy,Monza,45.6156,9.28111,hamilton,Lewis Hamilton,British,mercedes,Mercedes,1,hamilton,Lewis Hamilton,Mercedes,qualifying,True
2017,14,2017-09-17,Singapore Grand Prix,marina_bay,Marina Bay Street Circuit,Singapore,Marina Bay,1.2914,103.864,hamilton,Lewis Hamilton,British,mercedes,Mercedes,5,vettel,Sebastian Vettel,Ferrari,qualifying,False
2017,15,2017-10-01,Malaysian Grand Prix,sepang,Sepang International Circuit,Malaysia,Kuala Lumpur,2.76083,101.738,max_verstappen,Max Verstappen,Dutch,red_bull,Red Bull,3,hamilton,Lewis Hamilton,Mercedes,qualifying,False
2017,16,2017-10-08,Japanese Grand Prix,suzuka,Suzuka Circuit,Japan,Suzuka,34.8431,136.541,hamilton,Lewis Hamilton,British,mercedes,Mercedes,1,hamilton,Lewis Hamilton,Mercedes,qualifying,True
2017,17,2017-10-22,United States Grand Prix,americas,Circuit of the Americas,USA,Austin,30.1328,-97.6411,hamilton,Lewis Hamilton,British,mercedes,Mercedes,1,hamilton,Lewis Hamilton,Mercedes,qualifying,True
2017,18,2017-10-29,Mexican Grand Prix,rodriguez,Autódromo Hermanos Rodríguez,Mexico,Mexico City,19.4042,-99.0907,max_verstappen,Max Verstappen,Dutch,red_bull,Red Bull,2,vettel,Sebastian Vettel,Ferrari,qualifying,False
2017,19,2017-11-12,Brazilian Grand Prix,interlagos,Autódromo José Carlos Pace,Brazil,São Paulo,-23.7036,-46.6997,vettel,Sebastian Vettel,German,ferrari,Ferrari,2,bottas,Valtteri Bottas,Mercedes,qualifying,False
2017,20,2017-11-26,Abu Dhabi Grand Prix,yas_marina,Yas Marina Circuit,UAE,Abu Dhabi,24.4672,54.6031,bottas,Valtteri Bottas,Finnish,mercedes,Mercedes,1,bottas,Valtteri Bottas,Mercedes,qualifying,True
2018,1,2018-03-25,Australian Grand Prix,albert_park,Albert Park Grand Prix Circuit,Australia,Melbourne,-37.8497,144.968,vettel,Sebastian Vettel,German,ferrari,Ferrari,3,hamilton,Lewis Hamilton,Mercedes,qualifying,False
2018,2,2018-04-08,Bahrain Grand Prix,bahrain,Bahrain International Circuit,Bahrain,Sakhir,26.0325,50.5106,vettel,Sebastian Vettel,German,ferrari,Ferrari,1,vettel,Sebastian Vettel,Ferrari,qualifying,True
2018,3,2018-04-15,Chinese Grand Prix,shanghai,Shanghai International Circuit,China,Shanghai,31.3389,121.22,ricciardo,Daniel Ricciardo,Australian,red_bull,Red Bull,6,vettel,Sebastian Vettel,Ferrari,qualifying,False
2018,4,2018-04-29,Azerbaijan Grand Prix,baku,Baku City Circuit,Azerbaijan,Baku,40.3725,49.8533,hamilton,Lewis Hamilton,British,mercedes,Mercedes,2,vettel,Sebastian Vettel,Ferrari,qualifying,False
2018,5,2018-05-13,Spanish Grand Prix,catalunya,Circuit de Barcelona-Catalunya,Spain,Barcelona,41.57,2.26111,hamilton,Lewis Hamilton,British,mercedes,Mercedes,1,hamilton,Lewis Hamilton,Mercedes,qualifying,True
2018,6,2018-05-27,Monaco Grand Prix,monaco,Circuit de Monaco,Monaco,Monte Carlo,43.7347,7.42056,ricciardo,Daniel Ricciardo,Australian,red_bull,Red Bull,1,ricciardo,Daniel Ricciardo,Red Bull,qualifying,True
2018,7,2018-06-10,Canadian Grand Prix,villeneuve,Circuit Gilles Villeneuve,Canada,Montreal,45.5,-73.5228,vettel,Sebastian Vettel,German,ferrari,Ferrari,1,vettel,Sebastian Vettel,Ferrari,qualifying,True
2018,8,2018-06-24,French Grand Prix,ricard,Circuit Paul Ricard,France,Le Castellet,43.2506,5.79167,hamilton,Lewis Hamilton,British,mercedes,Mercedes,1,hamilton,Lewis Hamilton,Mercedes,qualifying,True
2018,9,2018-07-01,Austrian Grand Prix,red_bull_ring,Red Bull Ring,Austria,Spielberg,47.2197,14.7647,max_verstappen,Max Verstappen,Dutch,red_bull,Red Bull,4,bottas,Valtteri Bottas,Mercedes,qualifying,False
2018,10,2018-07-08,British Grand Prix,silverstone,Silverstone Circuit,UK,Silverstone,52.0786,-1.01694,vettel,Sebastian Vettel,German,ferrari,Ferrari,2,hamilton,Lewis Hamilton,Mercedes,qualifying,False
2018,11,2018-07-22,German Grand Prix,hockenheimring,Hockenheimring,Germany,Hockenheim,49.3278,8.56583,hamilton,Lewis Hamilton,British,mercedes,Mercedes,14,vettel,Sebastian Vettel,Ferrari,qualifying,False
2018,12,2018-07-29,Hungarian Grand Prix,hungaroring,Hungaroring,Hungary,Budapest,47.5789,19.2486,hamilton,Lewis Hamilton,British,mercedes,Mercedes,1,hamilton,Lewis Hamilton,Mercedes,qualifying,True
2018,13,2018-08-26,Belgian Grand Prix,spa,Circuit de Spa-Francorchamps,Belgium,Spa,50.4372,5.97139,vettel,Sebastian Vettel,German,ferrari,Ferrari,2,hamilton,Lewis Hamilton,Mercedes,qualifying,False
2018,14,2018-09-02,Italian Grand Prix,monza,Autodromo Nazionale di Monza,Italy,Monza,45.6156,9.28111,hamilton,Lewis Hamilton,British,mercedes,Mercedes,3,raikkonen,Kimi Räikkönen,Ferrari,qualifying,False
2018,15,2018-09-16,Singapore Grand Prix,marina_bay,Marina Bay Street Circuit,Singapore,Marina Bay,1.2914,103.864,hamilton,Lewis Hamilton,British,mercedes,Mercedes,1,hamilton,Lewis Hamilton,Mercedes,qualifying,True
2018,16,2018-09-30,Russian Grand Prix,sochi,Sochi Autodrom,Russia,Sochi,43.4057,39.9578,hamilton,Lewis Hamilton,British,mercedes,Mercedes,2,bottas,Valtteri Bottas,Mercedes,qualifying,False
2018,17,2018-10-07,Japanese Grand Prix,suzuka,Suzuka Circuit,Japan,Suzuka,34.8431,136.541,hamilton,Lewis Hamilton,British,mercedes,Mercedes,1,hamilton,Lewis Hamilton,Mercedes,qualifying,True
2018,18,2018-10-21,United States Grand Prix,americas,Circuit of the Americas,USA,Austin,30.1328,-97.6411,raikkonen,Kimi Räikkönen,Finnish,ferrari,Ferrari,2,hamilton,Lewis Hamilton,Mercedes,qualifying,False
2018,19,2018-10-28,Mexican Grand Prix,rodriguez,Autódromo Hermanos Rodríguez,Mexico,Mexico City,19.4042,-99.0907,max_verstappen,Max Verstappen,Dutch,red_bull,Red Bull,2,ricciardo,Daniel Ricciardo,Red Bull,qualifying,False
2018,20,2018-11-11,Brazilian Grand Prix,interlagos,Autódromo José Carlos Pace,Brazil,São Paulo,-23.7036,-46.6997,hamilton,Lewis Hamilton,British,mercedes,Mercedes,1,hamilton,Lewis Hamilton,Mercedes,qualifying,True
2018,21,2018-11-25,Abu Dhabi Grand Prix,yas_marina,Yas Marina Circuit,UAE,Abu Dhabi,24.4672,54.6031,hamilton,Lewis Hamilton,British,mercedes,Mercedes,1,hamilton,Lewis Hamilton,Mercedes,qualifying,True
2019,1,2019-03-17,Australian Grand Prix,albert_park,Albert Park Grand Prix Circuit,Australia,Melbourne,-37.8497,144.968,bottas,Valtteri Bottas,Finnish,mercedes,Mercedes,2,hamilton,Lewis Hamilton,Mercedes,qualifying,False
2019,2,2019-03-31,Bahrain Grand Prix,bahrain,Bahrain International Circuit,Bahrain,Sakhir,26.0325,50.5106,hamilton,Lewis Hamilton,British,mercedes,Mercedes,3,leclerc,Charles Leclerc,Ferrari,qualifying,False
2019,3,2019-04-14,Chinese Grand Prix,shanghai,Shanghai International Circuit,China,Shanghai,31.3389,121.22,hamilton,Lewis Hamilton,British,mercedes,Mercedes,2,bottas,Valtteri Bottas,Mercedes,qualifying,False
2019,4,2019-04-28,Azerbaijan Grand Prix,baku,Baku City Circuit,Azerbaijan,Baku,40.3725,49.8533,bottas,Valtteri Bottas,Finnish,mercedes,Mercedes,1,bottas,Valtteri Bottas,Mercedes,qualifying,True
2019,5,2019-05-12,Spanish Grand Prix,catalunya,Circuit de Barcelona-Catalunya,Spain,Barcelona,41.57,2.26111,hamilton,Lewis Hamilton,British,mercedes,Mercedes,2,bottas,Valtteri Bottas,Mercedes,qualifying,False
2019,6,2019-05-26,Monaco Grand Prix,monaco,Circuit de Monaco,Monaco,Monte Carlo,43.7347,7.42056,hamilton,Lewis Hamilton,British,mercedes,Mercedes,1,hamilton,Lewis Hamilton,Mercedes,qualifying,True
2019,7,2019-06-09,Canadian Grand Prix,villeneuve,Circuit Gilles Villeneuve,Canada,Montreal,45.5,-73.5228,hamilton,Lewis Hamilton,British,mercedes,Mercedes,2,vettel,Sebastian Vettel,Ferrari,qualifying,False
2019,8,2019-06-23,French Grand Prix,ricard,Circuit Paul Ricard,France,Le Castellet,43.2506,5.79167,hamilton,Lewis Hamilton,British,mercedes,Mercedes,1,hamilton,Lewis Hamilton,Mercedes,qualifying,True
2019,9,2019-06-30,Austrian Grand Prix,red_bull_ring,Red Bull Ring,Austria,Spielberg,47.2197,14.7647,max_verstappen,Max Verstappen,Dutch,red_bull,Red Bull,2,leclerc,Charles Leclerc,Ferrari,qualifying,False
2019,10,2019-07-14,British Grand Prix,silverstone,Silverstone Circuit,UK,Silverstone,52.0786,-1.01694,hamilton,Lewis Hamilton,British,mercedes,Mercedes,2,bottas,Valtteri Bottas,Mercedes,qualifying,False
2019,11,2019-07-28,German Grand Prix,hockenheimring,Hockenheimring,Germany,Hockenheim,49.3278,8.56583,max_verstappen,Max Verstappen,Dutch,red_bull,Red Bull,2,hamilton,Lewis Hamilton,Mercedes,qualifying,False
2019,12,2019-08-04,Hungarian Grand Prix,hungaroring,Hungaroring,Hungary,Budapest,47.5789,19.2486,hamilton,Lewis Hamilton,British,mercedes,Mercedes,3,max_verstappen,Max Verstappen,Red Bull,qualifying,False
2019,13,2019-09-01,Belgian Grand Prix,spa,Circuit de Spa-Francorchamps,Belgium,Spa,50.4372,5.97139,leclerc,Charles Leclerc,Monegasque,ferrari,Ferrari,1,leclerc,Charles Leclerc,Ferrari,qualifying,True
2019,14,2019-09-08,Italian Grand Prix,monza,Autodromo Nazionale di Monza,Italy,Monza,45.6156,9.28111,leclerc,Charles Leclerc,Monegasque,ferrari,Ferrari,1,leclerc,Charles Leclerc,Ferrari,qualifying,True
2019,15,2019-09-22,Singapore Grand Prix,marina_bay,Marina Bay Street Circuit,Singapore,Marina Bay,1.2914,103.864,vettel,Sebastian Vettel,German,ferrari,Ferrari,3,leclerc,Charles Leclerc,Ferrari,qualifying,False
2019,16,2019-09-29,Russian Grand Prix,sochi,Sochi Autodrom,Russia,Sochi,43.4057,39.9578,hamilton,Lewis Hamilton,British,mercedes,Mercedes,2,leclerc,Charles Leclerc,Ferrari,qualifying,False
2019,17,2019-10-13,Japanese Grand Prix,suzuka,Suzuka Circuit,Japan,Suzuka,34.8431,136.541,bottas,Valtteri Bottas,Finnish,mercedes,Mercedes,3,vettel,Sebastian Vettel,Ferrari,qualifying,False
2019,18,2019-10-27,Mexican Grand Prix,rodriguez,Autódromo Hermanos Rodríguez,Mexico,Mexico City,19.4042,-99.0907,hamilton,Lewis Hamilton,British,mercedes,Mercedes,3,max_verstappen,Max Verstappen,Red Bull,qualifying,False
2019,19,2019-11-03,United States Grand Prix,americas,Circuit of the Americas,USA,Austin,30.1328,-97.6411,bottas,Valtteri Bottas,Finnish,mercedes,Mercedes,1,bottas,Valtteri Bottas,Mercedes,qualifying,True
2019,20,2019-11-17,Brazilian Grand Prix,interlagos,Autódromo José Carlos Pace,Brazil,São Paulo,-23.7036,-46.6997,max_verstappen,Max Verstappen,Dutch,red_bull,Red Bull,1,max_verstappen,Max Verstappen,Red Bull,qualifying,True
2019,21,2019-12-01,Abu Dhabi Grand Prix,yas_marina,Yas Marina Circuit,UAE,Abu Dhabi,24.4672,54.6031,hamilton,Lewis Hamilton,British,mercedes,Mercedes,1,hamilton,Lewis Hamilton,Mercedes,qualifying,True
2020,1,2020-07-05,Austrian Grand Prix,red_bull_ring,Red Bull Ring,Austria,Spielberg,47.2197,14.7647,bottas,Valtteri Bottas,Finnish,mercedes,Mercedes,1,bottas,Valtteri Bottas,Mercedes,qualifying,True
2020,2,2020-07-12,Styrian Grand Prix,red_bull_ring,Red Bull Ring,Austria,Spielberg,47.2197,14.7647,hamilton,Lewis Hamilton,British,mercedes,Mercedes,1,hamilton,Lewis Hamilton,Mercedes,qualifying,True
2020,3,2020-07-19,Hungarian Grand Prix,hungaroring,Hungaroring,Hungary,Budapest,47.5789,19.2486,hamilton,Lewis Hamilton,British,mercedes,Mercedes,1,hamilton,Lewis Hamilton,Mercedes,qualifying,True
2020,4,2020-08-02,British Grand Prix,silverstone,Silverstone Circuit,UK,Silverstone,52.0786,-1.01694,hamilton,Lewis Hamilton,British,mercedes,Mercedes,1,hamilton,Lewis Hamilton,Mercedes,qualifying,True
2020,5,2020-08-09,70th Anniversary Grand Prix,silverstone,Silverstone Circuit,UK,Silverstone,52.0786,-1.01694,max_verstappen,Max Verstappen,Dutch,red_bull,Red Bull,4,bottas,Valtteri Bottas,Mercedes,qualifying,False
2020,6,2020-08-16,Spanish Grand Prix,catalunya,Circuit de Barcelona-Catalunya,Spain,Barcelona,41.57,2.26111,hamilton,Lewis Hamilton,British,mercedes,Mercedes,1,hamilton,Lewis Hamilton,Mercedes,qualifying,True
2020,7,2020-08-30,Belgian Grand Prix,spa,Circuit de Spa-Francorchamps,Belgium,Spa,50.4372,5.97139,hamilton,Lewis Hamilton,British,mercedes,Mercedes,1,hamilton,Lewis Hamilton,Mercedes,qualifying,True
2020,8,2020-09-06,Italian Grand Prix,monza,Autodromo Nazionale di Monza,Italy,Monza,45.6156,9.28111,gasly,Pierre Gasly,French,alphatauri,AlphaTauri,10,hamilton,Lewis Hamilton,Mercedes,qualifying,False
2020,9,2020-09-13,Tuscan Grand Prix,mugello,Autodromo Internazionale del Mugello,Italy,Mugello,43.9975,11.3719,hamilton,Lewis Hamilton,British,mercedes,Mercedes,1,hamilton,Lewis Hamilton,Mercedes,qualifying,True
2020,10,2020-09-27,Russian Grand Prix,sochi,Sochi Autodrom,Russia,Sochi,43.4057,39.9578,bottas,Valtteri Bottas,Finnish,mercedes,Mercedes,3,hamilton,Lewis Hamilton,Mercedes,qualifying,False
2020,11,2020-10-11,Eifel Grand Prix,nurburgring,Nürburgring,Germany,Nürburg,50.3356,6.9475,hamilton,Lewis Hamilton,British,mercedes,Mercedes,2,bottas,Valtteri Bottas,Mercedes,qualifying,False
2020,12,2020-10-25,Portuguese Grand Prix,portimao,Autódromo Internacional do Algarve,Portugal,Portimão,37.227,-8.6267,hamilton,Lewis Hamilton,British,mercedes,Mercedes,1,hamilton,Lewis Hamilton,Mercedes,qualifying,True
2020,13,2020-11-01,Emilia Romagna Grand Prix,imola,Autodromo Enzo e Dino Ferrari,Italy,Imola,44.3439,11.7167,hamilton,Lewis Hamilton,British,mercedes,Mercedes,2,bottas,Valtteri Bottas,Mercedes,qualifying,False
2020,14,2020-11-15,Turkish Grand Prix,istanbul,Istanbul Park,Turkey,Istanbul,40.9517,29.405,hamilton,Lewis Hamilton,British,mercedes,Mercedes,6,stroll,Lance Stroll,Racing Point,qualifying,False
2020,15,2020-11-29,Bahrain Grand Prix,bahrain,Bahrain International Circuit,Bahrain,Sakhir,26.0325,50.5106,hamilton,Lewis Hamilton,British,mercedes,Mercedes,1,hamilton,Lewis Hamilton,Mercedes,qualifying,True
2020,16,2020-12-06,Sakhir Grand Prix,bahrain,Bahrain International Circuit,Bahrain,Sakhir,26.0325,50.5106,perez,Sergio Pérez,Mexican,racing_point,Racing Point,5,bottas,Valtteri Bottas,Mercedes,qualifying,False
2020,17,2020-12-13,Abu Dhabi Grand Prix,yas_marina,Yas Marina Circuit,UAE,Abu Dhabi,24.4672,54.6031,max_verstappen,Max Verstappen,Dutch,red_bull,Red Bull,1,max_verstappen,Max Verstappen,Red Bull,qualifying,True
2021,1,2021-03-28,Bahrain Grand Prix,bahrain,Bahrain International Circuit,Bahrain,Sakhir,26.0325,50.5106,hamilton,Lewis Hamilton,British,mercedes,Mercedes,2,max_verstappen,Max Verstappen,Red Bull,qualifying,False
2021,2,2021-04-18,Emilia Romagna Grand Prix,imola,Autodromo Enzo e Dino Ferrari,Italy,Imola,44.3439,11.7167,max_verstappen,Max Verstappen,Dutch,red_bull,Red Bull,3,hamilton,Lewis Hamilton,Mercedes,qualifying,False
2021,3,2021-05-02,Portuguese Grand Prix,portimao,Autódromo Internacional do Algarve,Portugal,Portimão,37.227,-8.6267,hamilton,Lewis Hamilton,British,mercedes,Mercedes,2,bottas,Valtteri Bottas,Mercedes,qualifying,False
2021,4,2021-05-09,Spanish Grand Prix,catalunya,Circuit de Barcelona-Catalunya,Spain,Barcelona,41.57,2.26111,hamilton,Lewis Hamilton,British,mercedes,Mercedes,1,hamilton,Lewis Hamilton,Mercedes,qualifying,True
2021,5,2021-05-23,Monaco Grand Prix,monaco,Circuit de Monaco,Monaco,Monte Carlo,43.7347,7.42056,max_verstappen,Max Verstappen,Dutch,red_bull,Red Bull,2,leclerc,Charles Leclerc,Ferrari,qualifying,False
2021,6,2021-06-06,Azerbaijan Grand Prix,baku,Baku City Circuit,Azerbaijan,Baku,40.3725,49.8533,perez,Sergio Pérez,Mexican,red_bull,Red Bull,6,leclerc,Charles Leclerc,Ferrari,qualifying,False
2021,7,2021-06-20,French Grand Prix,ricard,Circuit Paul Ricard,France,Le Castellet,43.2506,5.79167,max_verstappen,Max Verstappen,Dutch,red_bull,Red Bull,1,max_verstappen,Max Verstappen,Red Bull,qualifying,True
2021,8,2021-06-27,Styrian Grand Prix,red_bull_ring,Red Bull Ring,Austria,Spielberg,47.2197,14.7647,max_verstappen,Max Verstappen,Dutch,red_bull,Red Bull,1,max_verstappen,Max Verstappen,Red Bull,qualifying,True
2021,9,2021-07-04,Austrian Grand Prix,red_bull_ring,Red Bull Ring,Austria,Spielberg,47.2197,14.7647,max_verstappen,Max Verstappen,Dutch,red_bull,Red Bull,1,max_verstappen,Max Verstappen,Red Bull,qualifying,True
2021,10,2021-07-18,British Grand Prix,silverstone,Silverstone Circuit,UK,Silverstone,52.0786,-1.01694,hamilton,Lewis Hamilton,British,mercedes,Mercedes,2,hamilton,Lewis Hamilton,Mercedes,qualifying,True
2021,11,2021-08-01,Hungarian Grand Prix,hungaroring,Hungaroring,Hungary,Budapest,47.5789,19.2486,ocon,Esteban Ocon,French,alpine,Alpine F1 Team,8,hamilton,Lewis Hamilton,Mercedes,qualifying,False
2021,12,2021-08-29,Belgian Grand Prix,spa,Circuit de Spa-Francorchamps,Belgium,Spa,50.4372,5.97139,max_verstappen,Max Verstappen,Dutch,red_bull,Red Bull,1,max_verstappen,Max Verstappen,Red Bull,qualifying,True
2021,13,2021-09-05,Dutch Grand Prix,zandvoort,Circuit Park Zandvoort,Netherlands,Zandvoort,52.3888,4.54092,max_verstappen,Max Verstappen,Dutch,red_bull,Red Bull,1,max_verstappen,Max Verstappen,Red Bull,qualifying,True
2021,14,2021-09-12,Italian Grand Prix,monza,Autodromo Nazionale di Monza,Italy,Monza,45.6156,9.28111,ricciardo,Daniel Ricciardo,Australian,mclaren,McLaren,2,bottas,Valtteri Bottas,Mercedes,qualifying,False
2021,15,2021-09-26,Russian Grand Prix,sochi,Sochi Autodrom,Russia,Sochi,43.4057,39.9578,hamilton,Lewis Hamilton,British,mercedes,Mercedes,4,norris,Lando Norris,McLaren,qualifying,False
2021,16,2021-10-10,Turkish Grand Prix,istanbul,Istanbul Park,Turkey,Istanbul,40.9517,29.405,bottas,Valtteri Bottas,Finnish,mercedes,Mercedes,1,hamilton,Lewis Hamilton,Mercedes,qualifying,False
2021,17,2021-10-24,United States Grand Prix,americas,Circuit of the Americas,USA,Austin,30.1328,-97.6411,max_verstappen,Max Verstappen,Dutch,red_bull,Red Bull,1,max_verstappen,Max Verstappen,Red Bull,qualifying,True
2021,18,2021-11-07,Mexico City Grand Prix,rodriguez,Autódromo Hermanos Rodríguez,Mexico,Mexico City,19.4042,-99.0907,max_verstappen,Max Verstappen,Dutch,red_bull,Red Bull,3,bottas,Valtteri Bottas,Mercedes,qualifying,False
2021,19,2021-11-14,São Paulo Grand Prix,interlagos,Autódromo José Carlos Pace,Brazil,São Paulo,-23.7036,-46.6997,hamilton,Lewis Hamilton,British,mercedes,Mercedes,10,hamilton,Lewis Hamilton,Mercedes,qualifying,True
2021,20,2021-11-21,Qatar Grand Prix,losail,Losail International Circuit,Qatar,Lusail,25.49,51.4542,hamilton,Lewis Hamilton,British,mercedes,Mercedes,1,hamilton,Lewis Hamilton,Mercedes,qualifying,True
2021,21,2021-12-05,Saudi Arabian Grand Prix,jeddah,Jeddah Corniche Circuit,Saudi Arabia,Jeddah,21.6319,39.1044,hamilton,Lewis Hamilton,British,mercedes,Mercedes,1,hamilton,Lewis Hamilton,Mercedes,qualifying,True
2021,22,2021-12-12,Abu Dhabi Grand Prix,yas_marina,Yas Marina Circuit,UAE,Abu Dhabi,24.4672,54.6031,max_verstappen,Max Verstappen,Dutch,red_bull,Red Bull,1,max_verstappen,Max Verstappen,Red Bull,qualifying,True
2022,1,2022-03-20,Bahrain Grand Prix,bahrain,Bahrain International Circuit,Bahrain,Sakhir,26.0325,50.5106,leclerc,Charles Leclerc,Monegasque,ferrari,Ferrari,1,leclerc,Charles Leclerc,Ferrari,qualifying,True
2022,2,2022-03-27,Saudi Arabian Grand Prix,jeddah,Jeddah Corniche Circuit,Saudi Arabia,Jeddah,21.6319,39.1044,max_verstappen,Max Verstappen,Dutch,red_bull,Red Bull,4,perez,Sergio Pérez,Red Bull,qualifying,False
2022,3,2022-04-10,Australian Grand Prix,albert_park,Albert Park Grand Prix Circuit,Australia,Melbourne,-37.8497,144.968,leclerc,Charles Leclerc,Monegasque,ferrari,Ferrari,1,leclerc,Charles Leclerc,Ferrari,qualifying,True
2022,4,2022-04-24,Emilia Romagna Grand Prix,imola,Autodromo Enzo e Dino Ferrari,Italy,Imola,44.3439,11.7167,max_verstappen,Max Verstappen,Dutch,red_bull,Red Bull,1,max_verstappen,Max Verstappen,Red Bull,qualifying,True
2022,5,2022-05-08,Miami Grand Prix,miami,Miami International Autodrome,USA,Miami,25.9581,-80.2389,max_verstappen,Max Verstappen,Dutch,red_bull,Red Bull,3,leclerc,Charles Leclerc,Ferrari,qualifying,False
2022,6,2022-05-22,Spanish Grand Prix,catalunya,Circuit de Barcelona-Catalunya,Spain,Barcelona,41.57,2.26111,max_verstappen,Max Verstappen,Dutch,red_bull,Red Bull,2,leclerc,Charles Leclerc,Ferrari,qualifying,False
2022,7,2022-05-29,Monaco Grand Prix,monaco,Circuit de Monaco,Monaco,Monte Carlo,43.7347,7.42056,perez,Sergio Pérez,Mexican,red_bull,Red Bull,3,leclerc,Charles Leclerc,Ferrari,qualifying,False
2022,8,2022-06-12,Azerbaijan Grand Prix,baku,Baku City Circuit,Azerbaijan,Baku,40.3725,49.8533,max_verstappen,Max Verstappen,Dutch,red_bull,Red Bull,3,leclerc,Charles Leclerc,Ferrari,qualifying,False
2022,9,2022-06-19,Canadian Grand Prix,villeneuve,Circuit Gilles Villeneuve,Canada,Montreal,45.5,-73.5228,max_verstappen,Max Verstappen,Dutch,red_bull,Red Bull,1,max_verstappen,Max Verstappen,Red Bull,qualifying,True
2022,10,2022-07-03,British Grand Prix,silverstone,Silverstone Circuit,UK,Silverstone,52.0786,-1.01694,sainz,Carlos Sainz,Spanish,ferrari,Ferrari,1,sainz,Carlos Sainz,Ferrari,qualifying,True
2022,11,2022-07-10,Austrian Grand Prix,red_bull_ring,Red Bull Ring,Austria,Spielberg,47.2197,14.7647,leclerc,Charles Leclerc,Monegasque,ferrari,Ferrari,2,max_verstappen,Max Verstappen,Red Bull,qualifying,False
2022,12,2022-07-24,French Grand Prix,ricard,Circuit Paul Ricard,France,Le Castellet,43.2506,5.79167,max_verstappen,Max Verstappen,Dutch,red_bull,Red Bull,2,leclerc,Charles Leclerc,Ferrari,qualifying,False
2022,13,2022-07-31,Hungarian Grand Prix,hungaroring,Hungaroring,Hungary,Budapest,47.5789,19.2486,max_verstappen,Max Verstappen,Dutch,red_bull,Red Bull,10,russell,George Russell,Mercedes,qualifying,False
2022,14,2022-08-28,Belgian Grand Prix,spa,Circuit de Spa-Francorchamps,Belgium,Spa,50.4372,5.97139,max_verstappen,Max Verstappen,Dutch,red_bull,Red Bull,14,max_verstappen,Max Verstappen,Red Bull,qualifying,True
2022,15,2022-09-04,Dutch Grand Prix,zandvoort,Circuit Park Zandvoort,Netherlands,Zandvoort,52.3888,4.54092,max_verstappen,Max Verstappen,Dutch,red_bull,Red Bull,1,max_verstappen,Max Verstappen,Red Bull,qualifying,True
2022,16,2022-09-11,Italian Grand Prix,monza,Autodromo Nazionale di Monza,Italy,Monza,45.6156,9.28111,max_verstappen,Max Verstappen,Dutch,red_bull,Red Bull,7,leclerc,Charles Leclerc,Ferrari,qualifying,False
2022,17,2022-10-02,Singapore Grand Prix,marina_bay,Marina Bay Street Circuit,Singapore,Marina Bay,1.2914,103.864,perez,Sergio Pérez,Mexican,red_bull,Red Bull,2,leclerc,Charles Leclerc,Ferrari,qualifying,False
2022,18,2022-10-09,Japanese Grand Prix,suzuka,Suzuka Circuit,Japan,Suzuka,34.8431,136.541,max_verstappen,Max Verstappen,Dutch,red_bull,Red Bull,1,max_verstappen,Max Verstappen,Red Bull,qualifying,True
2022,19,2022-10-23,United States Grand Prix,americas,Circuit of the Americas,USA,Austin,30.1328,-97.6411,max_verstappen,Max Verstappen,Dutch,red_bull,Red Bull,2,sainz,Carlos Sainz,Ferrari,qualifying,False
2022,20,2022-10-30,Mexico City Grand Prix,rodriguez,Autódromo Hermanos Rodríguez,Mexico,Mexico City,19.4042,-99.0907,max_verstappen,Max Verstappen,Dutch,red_bull,Red Bull,1,max_verstappen,Max Verstappen,Red Bull,qualifying,True
2022,21,2022-11-13,São Paulo Grand Prix,interlagos,Autódromo José Carlos Pace,Brazil,São Paulo,-23.7036,-46.6997,russell,George Russell,British,mercedes,Mercedes,1,kevin_magnussen,Kevin Magnussen,Haas F1 Team,qualifying,False
2022,22,2022-11-20,Abu Dhabi Grand Prix,yas_marina,Yas Marina Circuit,UAE,Abu Dhabi,24.4672,54.6031,max_verstappen,Max Verstappen,Dutch,red_bull,Red Bull,1,max_verstappen,Max Verstappen,Red Bull,qualifying,True
2023,1,2023-03-05,Bahrain Grand Prix,bahrain,Bahrain International Circuit,Bahrain,Sakhir,26.0325,50.5106,max_verstappen,Max Verstappen,Dutch,red_bull,Red Bull,1,max_verstappen,Max Verstappen,Red Bull,qualifying,True
2023,2,2023-03-19,Saudi Arabian Grand Prix,jeddah,Jeddah Corniche Circuit,Saudi Arabia,Jeddah,21.6319,39.1044,perez,Sergio Pérez,Mexican,red_bull,Red Bull,1,perez,Sergio Pérez,Red Bull,qualifying,True
2023,3,2023-04-02,Australian Grand Prix,albert_park,Albert Park Grand Prix Circuit,Australia,Melbourne,-37.8497,144.968,max_verstappen,Max Verstappen,Dutch,red_bull,Red Bull,1,max_verstappen,Max Verstappen,Red Bull,qualifying,True
2023,4,2023-04-30,Azerbaijan Grand Prix,baku,Baku City Circuit,Azerbaijan,Baku,40.3725,49.8533,perez,Sergio Pérez,Mexican,red_bull,Red Bull,3,leclerc,Charles Leclerc,Ferrari,qualifying,False
2023,5,2023-05-07,Miami Grand Prix,miami,Miami International Autodrome,USA,Miami,25.9581,-80.2389,max_verstappen,Max Verstappen,Dutch,red_bull,Red Bull,9,perez,Sergio Pérez,Red Bull,qualifying,False
2023,6,2023-05-28,Monaco Grand Prix,monaco,Circuit de Monaco,Monaco,Monte Carlo,43.7347,7.42056,max_verstappen,Max Verstappen,Dutch,red_bull,Red Bull,1,max_verstappen,Max Verstappen,Red Bull,qualifying,True
2023,7,2023-06-04,Spanish Grand Prix,catalunya,Circuit de Barcelona-Catalunya,Spain,Barcelona,41.57,2.26111,max_verstappen,Max Verstappen,Dutch,red_bull,Red Bull,1,max_verstappen,Max Verstappen,Red Bull,qualifying,True
2023,8,2023-06-18,Canadian Grand Prix,villeneuve,Circuit Gilles Villeneuve,Canada,Montreal,45.5,-73.5228,max_verstappen,Max Verstappen,Dutch,red_bull,Red Bull,1,max_verstappen,Max Verstappen,Red Bull,qualifying,True
2023,9,2023-07-02,Austrian Grand Prix,red_bull_ring,Red Bull Ring,Austria,Spielberg,47.2197,14.7647,max_verstappen,Max Verstappen,Dutch,red_bull,Red Bull,1,max_verstappen,Max Verstappen,Red Bull,qualifying,True
2023,10,2023-07-09,British Grand Prix,silverstone,Silverstone Circuit,UK,Silverstone,52.0786,-1.01694,max_verstappen,Max Verstappen,Dutch,red_bull,Red Bull,1,max_verstappen,Max Verstappen,Red Bull,qualifying,True
2023,11,2023-07-23,Hungarian Grand Prix,hungaroring,Hungaroring,Hungary,Budapest,47.5789,19.2486,max_verstappen,Max Verstappen,Dutch,red_bull,Red Bull,2,hamilton,Lewis Hamilton,Mercedes,qualifying,False
2023,12,2023-07-30,Belgian Grand Prix,spa,Circuit de Spa-Francorchamps,Belgium,Spa,50.4372,5.97139,max_verstappen,Max Verstappen,Dutch,red_bull,Red Bull,6,max_verstappen,Max Verstappen,Red Bull,qualifying,True
2023,13,2023-08-27,Dutch Grand Prix,zandvoort,Circuit Park Zandvoort,Netherlands,Zandvoort,52.3888,4.54092,max_verstappen,Max Verstappen,Dutch,red_bull,Red Bull,1,max_verstappen,Max Verstappen,Red Bull,qualifying,True
2023,14,2023-09-03,Italian Grand Prix,monza,Autodromo Nazionale di Monza,Italy,Monza,45.6156,9.28111,max_verstappen,Max Verstappen,Dutch,red_bull,Red Bull,2,sainz,Carlos Sainz,Ferrari,qualifying,False
2023,15,2023-09-17,Singapore Grand Prix,marina_bay,Marina Bay Street Circuit,Singapore,Marina Bay,1.2914,103.864,sainz,Carlos Sainz,Spanish,ferrari,Ferrari,1,sainz,Carlos Sainz,Ferrari,qualifying,True
2023,16,2023-09-24,Japanese Grand Prix,suzuka,Suzuka Circuit,Japan,Suzuka,34.8431,136.541,max_verstappen,Max Verstappen,Dutch,red_bull,Red Bull,1,max_verstappen,Max Verstappen,Red Bull,qualifying,True
2023,17,2023-10-08,Qatar Grand Prix,losail,Losail International Circuit,Qatar,Lusail,25.49,51.4542,max_verstappen,Max Verstappen,Dutch,red_bull,Red Bull,1,max_verstappen,Max Verstappen,Red Bull,qualifying,True
2023,18,2023-10-22,United States Grand Prix,americas,Circuit of the Americas,USA,Austin,30.1328,-97.6411,max_verstappen,Max Verstappen,Dutch,red_bull,Red Bull,6,leclerc,Charles Leclerc,Ferrari,qualifying,False
2023,19,2023-10-29,Mexico City Grand Prix,rodriguez,Autódromo Hermanos Rodríguez,Mexico,Mexico City,19.4042,-99.0907,max_verstappen,Max Verstappen,Dutch,red_bull,Red Bull,3,leclerc,Charles Leclerc,Ferrari,qualifying,False
2023,20,2023-11-05,São Paulo Grand Prix,interlagos,Autódromo José Carlos Pace,Brazil,São Paulo,-23.7036,-46.6997,max_verstappen,Max Verstappen,Dutch,red_bull,Red Bull,1,max_verstappen,Max Verstappen,Red Bull,qualifying,True
2023,21,2023-11-19,Las Vegas Grand Prix,vegas,Las Vegas Strip Street Circuit,USA,Las Vegas,36.1147,-115.173,max_verstappen,Max Verstappen,Dutch,red_bull,Red Bull,2,leclerc,Charles Leclerc,Ferrari,qualifying,False
2023,22,2023-11-26,Abu Dhabi Grand Prix,yas_marina,Yas Marina Circuit,UAE,Abu Dhabi,24.4672,54.6031,max_verstappen,Max Verstappen,Dutch,red_bull,Red Bull,1,max_verstappen,Max Verstappen,Red Bull,qualifying,True
2024,1,2024-03-02,Bahrain Grand Prix,bahrain,Bahrain International Circuit,Bahrain,Sakhir,26.0325,50.5106,max_verstappen,Max Verstappen,Dutch,red_bull,Red Bull,1,max_verstappen,Max Verstappen,Red Bull,qualifying,True
2024,2,2024-03-09,Saudi Arabian Grand Prix,jeddah,Jeddah Corniche Circuit,Saudi Arabia,Jeddah,21.6319,39.1044,max_verstappen,Max Verstappen,Dutch,red_bull,Red Bull,1,max_verstappen,Max Verstappen,Red Bull,qualifying,True
2024,3,2024-03-24,Australian Grand Prix,albert_park,Albert Park Grand Prix Circuit,Australia,Melbourne,-37.8497,144.968,sainz,Carlos Sainz,Spanish,ferrari,Ferrari,2,max_verstappen,Max Verstappen,Red Bull,qualifying,False
2024,4,2024-04-07,Japanese Grand Prix,suzuka,Suzuka Circuit,Japan,Suzuka,34.8431,136.541,max_verstappen,Max Verstappen,Dutch,red_bull,Red Bull,1,max_verstappen,Max Verstappen,Red Bull,qualifying,True
2024,5,2024-04-21,Chinese Grand Prix,shanghai,Shanghai International Circuit,China,Shanghai,31.3389,121.22,max_verstappen,Max Verstappen,Dutch,red_bull,Red Bull,1,max_verstappen,Max Verstappen,Red Bull,qualifying,True
2024,6,2024-05-05,Miami Grand Prix,miami,Miami International Autodrome,USA,Miami,25.9581,-80.2389,norris,Lando Norris,British,mclaren,McLaren,5,max_verstappen,Max Verstappen,Red Bull,qualifying,False
2024,7,2024-05-19,Emilia Romagna Grand Prix,imola,Autodromo Enzo e Dino Ferrari,Italy,Imola,44.3439,11.7167,max_verstappen,Max Verstappen,Dutch,red_bull,Red Bull,1,max_verstappen,Max Verstappen,Red Bull,qualifying,True
2024,8,2024-05-26,Monaco Grand Prix,monaco,Circuit de Monaco,Monaco,Monte Carlo,43.7347,7.42056,leclerc,Charles Leclerc,Monegasque,ferrari,Ferrari,1,leclerc,Charles Leclerc,Ferrari,qualifying,True
2024,9,2024-06-09,Canadian Grand Prix,villeneuve,Circuit Gilles Villeneuve,Canada,Montreal,45.5,-73.5228,max_verstappen,Max Verstappen,Dutch,red_bull,Red Bull,2,russell,George Russell,Mercedes,qualifying,False
2024,10,2024-06-23,Spanish Grand Prix,catalunya,Circuit de Barcelona-Catalunya,Spain,Barcelona,41.57,2.26111,max_verstappen,Max Verstappen,Dutch,red_bull,Red Bull,2,norris,Lando Norris,McLaren,qualifying,False
2024,11,2024-06-30,Austrian Grand Prix,red_bull_ring,Red Bull Ring,Austria,Spielberg,47.2197,14.7647,russell,George Russell,British,mercedes,Mercedes,3,max_verstappen,Max Verstappen,Red Bull,qualifying,False
2024,12,2024-07-07,British Grand Prix,silverstone,Silverstone Circuit,UK,Silverstone,52.0786,-1.01694,hamilton,Lewis Hamilton,British,mercedes,Mercedes,2,russell,George Russell,Mercedes,qualifying,False
2024,13,2024-07-21,Hungarian Grand Prix,hungaroring,Hungaroring,Hungary,Budapest,47.5789,19.2486,piastri,Oscar Piastri,Australian,mclaren,McLaren,2,norris,Lando Norris,McLaren,qualifying,False
2024,14,2024-07-28,Belgian Grand Prix,spa,Circuit de Spa-Francorchamps,Belgium,Spa,50.4372,5.97139,hamilton,Lewis Hamilton,British,mercedes,Mercedes,3,max_verstappen,Max Verstappen,Red Bull,qualifying,False
2024,15,2024-08-25,Dutch Grand Prix,zandvoort,Circuit Park Zandvoort,Netherlands,Zandvoort,52.3888,4.54092,norris,Lando Norris,British,mclaren,McLaren,1,norris,Lando Norris,McLaren,qualifying,True
2024,16,2024-09-01,Italian Grand Prix,monza,Autodromo Nazionale di Monza,Italy,Monza,45.6156,9.28111,leclerc,Charles Leclerc,Monegasque,ferrari,Ferrari,4,norris,Lando Norris,McLaren,qualifying,False
2024,17,2024-09-15,Azerbaijan Grand Prix,baku,Baku City Circuit,Azerbaijan,Baku,40.3725,49.8533,piastri,Oscar Piastri,Australian,mclaren,McLaren,2,leclerc,Charles Leclerc,Ferrari,qualifying,False
2024,18,2024-09-22,Singapore Grand Prix,marina_bay,Marina Bay Street Circuit,Singapore,Marina Bay,1.2914,103.864,norris,Lando Norris,British,mclaren,McLaren,1,norris,Lando Norris,McLaren,qualifying,True
2024,19,2024-10-20,United States Grand Prix,americas,Circuit of the Americas,USA,Austin,30.1328,-97.6411,leclerc,Charles Leclerc,Monegasque,ferrari,Ferrari,4,norris,Lando Norris,McLaren,qualifying,False
2024,20,2024-10-27,Mexico City Grand Prix,rodriguez,Autódromo Hermanos Rodríguez,Mexico,Mexico City,19.4042,-99.0907,sainz,Carlos Sainz,Spanish,ferrari,Ferrari,1,sainz,Carlos Sainz,Ferrari,qualifying,True
2024,21,2024-11-03,São Paulo Grand Prix,interlagos,Autódromo José Carlos Pace,Brazil,São Paulo,-23.7036,-46.6997,max_verstappen,Max Verstappen,Dutch,red_bull,Red Bull,17,norris,Lando Norris,McLaren,qualifying,False
2024,22,2024-11-23,Las Vegas Grand Prix,vegas,Las Vegas Strip Street Circuit,USA,Las Vegas,36.1147,-115.173,russell,George Russell,British,mercedes,Mercedes,1,russell,George Russell,Mercedes,qualifying,True
2024,23,2024-12-01,Qatar Grand Prix,losail,Losail International Circuit,Qatar,Lusail,25.49,51.4542,max_verstappen,Max Verstappen,Dutch,red_bull,Red Bull,2,max_verstappen,Max Verstappen,Red Bull,qualifying,True
2024,24,2024-12-08,Abu Dhabi Grand Prix,yas_marina,Yas Marina Circuit,UAE,Abu Dhabi,24.4672,54.6031,norris,Lando Norris,British,mclaren,McLaren,1,norris,Lando Norris,McLaren,qualifying,True
2025,1,2025-03-16,Australian Grand Prix,albert_park,Albert Park Grand Prix Circuit,Australia,Melbourne,-37.8497,144.968,norris,Lando Norris,British,mclaren,McLaren,1,norris,Lando Norris,McLaren,qualifying,True
2025,2,2025-03-23,Chinese Grand Prix,shanghai,Shanghai International Circuit,China,Shanghai,31.3389,121.22,piastri,Oscar Piastri,Australian,mclaren,McLaren,1,piastri,Oscar Piastri,McLaren,qualifying,True
2025,3,2025-04-06,Japanese Grand Prix,suzuka,Suzuka Circuit,Japan,Suzuka,34.8431,136.541,max_verstappen,Max Verstappen,Dutch,red_bull,Red Bull,1,max_verstappen,Max Verstappen,Red Bull,qualifying,True
2025,4,2025-04-13,Bahrain Grand Prix,bahrain,Bahrain International Circuit,Bahrain,Sakhir,26.0325,50.5106,piastri,Oscar Piastri,Australian,mclaren,McLaren,1,piastri,Oscar Piastri,McLaren,qualifying,True
2025,5,2025-04-20,Saudi Arabian Grand Prix,jeddah,Jeddah Corniche Circuit,Saudi Arabia,Jeddah,21.6319,39.1044,piastri,Oscar Piastri,Australian,mclaren,McLaren,2,max_verstappen,Max Verstappen,Red Bull,qualifying,False
2025,6,2025-05-04,Miami Grand Prix,miami,Miami International Autodrome,USA,Miami,25.9581,-80.2389,piastri,Oscar Piastri,Australian,mclaren,McLaren,4,max_verstappen,Max Verstappen,Red Bull,qualifying,False
2025,7,2025-05-18,Emilia Romagna Grand Prix,imola,Autodromo Enzo e Dino Ferrari,Italy,Imola,44.3439,11.7167,max_verstappen,Max Verstappen,Dutch,red_bull,Red Bull,2,piastri,Oscar Piastri,McLaren,qualifying,False
2025,8,2025-05-25,Monaco Grand Prix,monaco,Circuit de Monaco,Monaco,Monte Carlo,43.7347,7.42056,norris,Lando Norris,British,mclaren,McLaren,1,norris,Lando Norris,McLaren,qualifying,True
2025,9,2025-06-01,Spanish Grand Prix,catalunya,Circuit de Barcelona-Catalunya,Spain,Barcelona,41.57,2.26111,piastri,Oscar Piastri,Australian,mclaren,McLaren,1,piastri,Oscar Piastri,McLaren,qualifying,True
2025,10,2025-06-15,Canadian Grand Prix,villeneuve,Circuit Gilles Villeneuve,Canada,Montreal,45.5,-73.5228,russell,George Russell,British,mercedes,Mercedes,1,russell,George Russell,Mercedes,qualifying,True
2025,11,2025-06-29,Austrian Grand Prix,red_bull_ring,Red Bull Ring,Austria,Spielberg,47.2197,14.7647,norris,Lando Norris,British,mclaren,McLaren,1,norris,Lando Norris,McLaren,qualifying,True
2025,12,2025-07-06,British Grand Prix,silverstone,Silverstone Circuit,UK,Silverstone,52.0786,-1.01694,norris,Lando Norris,British,mclaren,McLaren,3,max_verstappen,Max Verstappen,Red Bull,qualifying,False
2025,13,2025-07-27,Belgian Grand Prix,spa,Circuit de Spa-Francorchamps,Belgium,Spa,50.4372,5.97139,piastri,Oscar Piastri,Australian,mclaren,McLaren,2,norris,Lando Norris,McLaren,qualifying,False
2025,14,2025-08-03,Hungarian Grand Prix,hungaroring,Hungaroring,Hungary,Budapest,47.5789,19.2486,norris,Lando Norris,British,mclaren,McLaren,3,leclerc,Charles Leclerc,Ferrari,qualifying,False
2025,15,2025-08-31,Dutch Grand Prix,zandvoort,Circuit Park Zandvoort,Netherlands,Zandvoort,52.3888,4.54092,piastri,Oscar Piastri,Australian,mclaren,McLaren,1,piastri,Oscar Piastri,McLaren,qualifying,True
2025,16,2025-09-07,Italian Grand Prix,monza,Autodromo Nazionale di Monza,Italy,Monza,45.6156,9.28111,max_verstappen,Max Verstappen,Dutch,red_bull,Red Bull,1,max_verstappen,Max Verstappen,Red Bull,qualifying,True
2025,17,2025-09-21,Azerbaijan Grand Prix,baku,Baku City Circuit,Azerbaijan,Baku,40.3725,49.8533,max_verstappen,Max Verstappen,Dutch,red_bull,Red Bull,1,max_verstappen,Max Verstappen,Red Bull,qualifying,True
2025,18,2025-10-05,Singapore Grand Prix,marina_bay,Marina Bay Street Circuit,Singapore,Marina Bay,1.2914,103.864,russell,George Russell,British,mercedes,Mercedes,1,russell,George Russell,Mercedes,qualifying,True
2025,19,2025-10-19,United States Grand Prix,americas,Circuit of the Americas,USA,Austin,30.1328,-97.6411,max_verstappen,Max Verstappen,Dutch,red_bull,Red Bull,1,max_verstappen,Max Verstappen,Red Bull,qualifying,True
2025,20,2025-10-26,Mexico City Grand Prix,rodriguez,Autódromo Hermanos Rodríguez,Mexico,Mexico City,19.4042,-99.0907,norris,Lando Norris,British,mclaren,McLaren,1,norris,Lando Norris,McLaren,qualifying,True
2025,21,2025-11-09,São Paulo Grand Prix,interlagos,Autódromo José Carlos Pace,Brazil,São Paulo,-23.7036,-46.6997,norris,Lando Norris,British,mclaren,McLaren,1,norris,Lando Norris,McLaren,qualifying,True
2025,22,2025-11-23,Las Vegas Grand Prix,vegas,Las Vegas Strip Street Circuit,USA,Las Vegas,36.1147,-115.173,max_verstappen,Max Verstappen,Dutch,red_bull,Red Bull,2,norris,Lando Norris,McLaren,qualifying,False
2025,23,2025-11-30,Qatar Grand Prix,losail,Losail International Circuit,Qatar,Lusail,25.49,51.4542,max_verstappen,Max Verstappen,Dutch,red_bull,Red Bull,3,piastri,Oscar Piastri,McLaren,qualifying,False
2025,24,2025-12-07,Abu Dhabi Grand Prix,yas_marina,Yas Marina Circuit,UAE,Abu Dhabi,24.4672,54.6031,max_verstappen,Max Verstappen,Dutch,red_bull,Red Bull,1,max_verstappen,Max Verstappen,Red Bull,qualifying,True
2026,1,2026-03-08,Australian Grand Prix,albert_park,Albert Park Grand Prix Circuit,Australia,Melbourne,-37.8497,144.968,russell,George Russell,British,mercedes,Mercedes,1,russell,George Russell,Mercedes,qualifying,True
2026,2,2026-03-15,Chinese Grand Prix,shanghai,Shanghai International Circuit,China,Shanghai,31.3389,121.22,antonelli,Andrea Kimi Antonelli,Italian,mercedes,Mercedes,1,antonelli,Andrea Kimi Antonelli,Mercedes,qualifying,True
2026,3,2026-03-29,Japanese Grand Prix,suzuka,Suzuka Circuit,Japan,Suzuka,34.8431,136.541,antonelli,Andrea Kimi Antonelli,Italian,mercedes,Mercedes,1,antonelli,Andrea Kimi Antonelli,Mercedes,qualifying,True
2026,4,2026-05-03,Miami Grand Prix,miami,Miami International Autodrome,USA,Miami,25.9581,-80.2389,antonelli,Andrea Kimi Antonelli,Italian,mercedes,Mercedes,1,antonelli,Andrea Kimi Antonelli,Mercedes,qualifying,True
2026,5,2026-05-24,Canadian Grand Prix,villeneuve,Circuit Gilles Villeneuve,Canada,Montreal,45.5,-73.5228,antonelli,Andrea Kimi Antonelli,Italian,mercedes,Mercedes,2,russell,George Russell,Mercedes,qualifying,False
2026,6,2026-06-07,Monaco Grand Prix,monaco,Circuit de Monaco,Monaco,Monte Carlo,43.7347,7.42056,antonelli,Andrea Kimi Antonelli,Italian,mercedes,Mercedes,1,antonelli,Andrea Kimi Antonelli,Mercedes,qualifying,True
2026,7,2026-06-14,Barcelona Grand Prix,catalunya,Circuit de Barcelona-Catalunya,Spain,Barcelona,41.57,2.26111,hamilton,Lewis Hamilton,British,ferrari,Ferrari,2,russell,George Russell,Mercedes,qualifying,False
